[16:03:42] [main/INFO]: ModLauncher running: args [--username, ERROR__405, --version, forge-47.4.10, --gameDir, C:\Users\Philipp\curseforge\minecraft\Instances\Test-el3, --assetsDir, C:\Users\Philipp\curseforge\minecraft\Install\assets, --assetIndex, 5, --uuid, 2fb773a4b48b46ab95391fa4228635ac, --accessToken, ????????, --clientId, ee3297-10051cc-805628-a1703e-58cd15, --xuid, 2535463454478930, --userType, msa, --versionType, release, --width, 1024, --height, 768, --quickPlayPath, C:\Users\Philipp\curseforge\minecraft\Quickplay\5093b493-af5c-4be2-aff5-2bf5aea67996.json, --launchTarget, forgeclient, --fml.forgeVersion, 47.4.10, --fml.mcVersion, 1.20.1, --fml.forgeGroup, net.minecraftforge, --fml.mcpVersion, 20230612.114412]
[16:03:42] [main/INFO]: ModLauncher 10.0.9+10.0.9+main.dcd20f30 starting: java version 17.0.8 by Eclipse Adoptium; OS Windows 11 arch amd64 version 10.0
[16:03:56] [main/INFO]: Loading ImmediateWindowProvider fmlearlywindow
[16:03:56] [main/INFO]: Trying GL version 4.6
[16:03:57] [main/INFO]: Requested GL version 4.6 got version 4.6
[16:03:57] [main/INFO]: Mixin Transmogrifier is definitely up to no good...
[16:03:57] [main/INFO]: crimes against java were committed
[16:03:57] [main/INFO]: Original mixin transformation service successfully crobbed by mixin-transmogrifier!
[16:03:57] [main/INFO]: SpongePowered MIXIN Subsystem Version=0.8.5 Source=union:/C:/Users/Philipp/curseforge/minecraft/Instances/Test-el3/mods/Connector-1.0.0-beta.47+1.20.1.jar%23387%23390!/ Service=ModLauncher Env=CLIENT
[16:03:57] [pool-2-thread-1/INFO]: GL info: AMD Radeon(TM) Graphics GL version 4.6.0 Core Profile Context 25.8.1.250617, ATI Technologies Inc.
[16:03:57] [main/INFO]: Found mod file Connector-1.0.0-beta.47+1.20.1-mod.jar of type MOD with provider org.sinytra.connector.locator.ConnectorEarlyLocator@bdecc21
[16:03:58] [main/INFO]: Found mod file 1.8.1+1.20.1+forge.jar of type MOD with provider {mods folder locator at C:\Users\Philipp\curseforge\minecraft\Instances\Test-el3\mods}
[16:03:58] [main/INFO]: Found mod file AdvancedAE-1.3.2-1.20.1.jar of type MOD with provider {mods folder locator at C:\Users\Philipp\curseforge\minecraft\Instances\Test-el3\mods}
[16:03:58] [main/INFO]: Found mod file AdvancementPlaques-1.20.1-forge-1.6.9.jar of type MOD with provider {mods folder locator at C:\Users\Philipp\curseforge\minecraft\Instances\Test-el3\mods}
[16:03:58] [main/INFO]: Found mod file AE2NetworkAnalyzer-1.20-1.0.6-forge.jar of type MOD with provider {mods folder locator at C:\Users\Philipp\curseforge\minecraft\Instances\Test-el3\mods}
[16:03:58] [main/INFO]: Found mod file alltheleaks-1.1.1+1.20.1-forge.jar of type MOD with provider {mods folder locator at C:\Users\Philipp\curseforge\minecraft\Instances\Test-el3\mods}
[16:03:58] [main/INFO]: Found mod file almostunified-forge-1.20.1-0.11.0.jar of type MOD with provider {mods folder locator at C:\Users\Philipp\curseforge\minecraft\Instances\Test-el3\mods}
[16:03:58] [main/INFO]: Found mod file amendments-1.20-2.2.3.jar of type MOD with provider {mods folder locator at C:\Users\Philipp\curseforge\minecraft\Instances\Test-el3\mods}
[16:03:58] [main/INFO]: Found mod file antiportals-mc1.20.1-1.3.jar of type MOD with provider {mods folder locator at C:\Users\Philipp\curseforge\minecraft\Instances\Test-el3\mods}
[16:03:58] [main/INFO]: Found mod file Apotheosis-1.20.1-7.4.8.jar of type MOD with provider {mods folder locator at C:\Users\Philipp\curseforge\minecraft\Instances\Test-el3\mods}
[16:03:58] [main/INFO]: Found mod file ApothicAttributes-1.20.1-1.3.7.jar of type MOD with provider {mods folder locator at C:\Users\Philipp\curseforge\minecraft\Instances\Test-el3\mods}
[16:03:58] [main/INFO]: Found mod file appleskin-forge-mc1.20.1-2.5.1.jar of type MOD with provider {mods folder locator at C:\Users\Philipp\curseforge\minecraft\Instances\Test-el3\mods}
[16:03:58] [main/INFO]: Found mod file appliedenergistics2-forge-15.4.10.jar of type MOD with provider {mods folder locator at C:\Users\Philipp\curseforge\minecraft\Instances\Test-el3\mods}
[16:03:58] [main/INFO]: Found mod file architectury-9.2.14-forge.jar of type MOD with provider {mods folder locator at C:\Users\Philipp\curseforge\minecraft\Instances\Test-el3\mods}
[16:03:58] [main/INFO]: Found mod file athena-forge-1.20.1-3.1.2.jar of type MOD with provider {mods folder locator at C:\Users\Philipp\curseforge\minecraft\Instances\Test-el3\mods}
[16:03:58] [main/INFO]: Found mod file baguettelib-1.20.1-Forge-1.1.5.jar of type MOD with provider {mods folder locator at C:\Users\Philipp\curseforge\minecraft\Instances\Test-el3\mods}
[16:03:58] [main/INFO]: Found mod file balm-forge-1.20.1-7.3.38-all.jar of type MOD with provider {mods folder locator at C:\Users\Philipp\curseforge\minecraft\Instances\Test-el3\mods}
[16:03:58] [main/INFO]: Found mod file beautifiedchatclient-1.20.1-2.7.jar of type MOD with provider {mods folder locator at C:\Users\Philipp\curseforge\minecraft\Instances\Test-el3\mods}
[16:03:58] [main/INFO]: Found mod file bellsandwhistles-0.4.5-1.20.x-Create6.0+.jar of type MOD with provider {mods folder locator at C:\Users\Philipp\curseforge\minecraft\Instances\Test-el3\mods}
[16:03:58] [main/INFO]: Found mod file betterchunkloading-1.20.1-5.4.jar of type MOD with provider {mods folder locator at C:\Users\Philipp\curseforge\minecraft\Instances\Test-el3\mods}
[16:03:58] [main/INFO]: Found mod file BetterTotemOfUndying-Forge-1.20.4-2.1.1.jar of type MOD with provider {mods folder locator at C:\Users\Philipp\curseforge\minecraft\Instances\Test-el3\mods}
[16:03:58] [main/INFO]: Found mod file bits_n_bobs-0.0.30b.jar of type MOD with provider {mods folder locator at C:\Users\Philipp\curseforge\minecraft\Instances\Test-el3\mods}
[16:03:58] [main/INFO]: Found mod file Bookshelf-Forge-1.20.1-20.2.13.jar of type MOD with provider {mods folder locator at C:\Users\Philipp\curseforge\minecraft\Instances\Test-el3\mods}
[16:03:58] [main/INFO]: Found mod file botarium-forge-1.20.1-2.3.4.jar of type MOD with provider {mods folder locator at C:\Users\Philipp\curseforge\minecraft\Instances\Test-el3\mods}
[16:03:58] [main/INFO]: Found mod file BrandonsCore-1.20.1-3.2.1.302-universal.jar of type MOD with provider {mods folder locator at C:\Users\Philipp\curseforge\minecraft\Instances\Test-el3\mods}
[16:03:58] [main/INFO]: Found mod file BuildingWands-mc1.20.1-2.6.9-release.jar of type MOD with provider {mods folder locator at C:\Users\Philipp\curseforge\minecraft\Instances\Test-el3\mods}
[16:03:58] [main/INFO]: Found mod file CarbonConfig-1.20-1.2.8.jar of type MOD with provider {mods folder locator at C:\Users\Philipp\curseforge\minecraft\Instances\Test-el3\mods}
[16:03:58] [main/INFO]: Found mod file CerbonsAPI-Forge-1.20.1-1.1.0.jar of type MOD with provider {mods folder locator at C:\Users\Philipp\curseforge\minecraft\Instances\Test-el3\mods}
[16:03:58] [main/INFO]: Found mod file chat_heads-0.14.2-forge-1.20.jar of type MOD with provider {mods folder locator at C:\Users\Philipp\curseforge\minecraft\Instances\Test-el3\mods}
[16:03:58] [main/INFO]: Found mod file chipped-forge-1.20.1-3.0.7.jar of type MOD with provider {mods folder locator at C:\Users\Philipp\curseforge\minecraft\Instances\Test-el3\mods}
[16:03:58] [main/INFO]: Found mod file chisel_chipped_integration-v1.1.6-1.20.1.jar of type MOD with provider {mods folder locator at C:\Users\Philipp\curseforge\minecraft\Instances\Test-el3\mods}
[16:03:58] [main/INFO]: Found mod file chunksending-1.20.1-2.8.jar of type MOD with provider {mods folder locator at C:\Users\Philipp\curseforge\minecraft\Instances\Test-el3\mods}
[16:03:58] [main/INFO]: Found mod file Chunky-1.3.146.jar of type MOD with provider {mods folder locator at C:\Users\Philipp\curseforge\minecraft\Instances\Test-el3\mods}
[16:03:58] [main/INFO]: Found mod file clientcrafting-1.20.1-1.8.jar of type MOD with provider {mods folder locator at C:\Users\Philipp\curseforge\minecraft\Instances\Test-el3\mods}
[16:03:58] [main/INFO]: Found mod file cloth-config-11.1.136-forge.jar of type MOD with provider {mods folder locator at C:\Users\Philipp\curseforge\minecraft\Instances\Test-el3\mods}
[16:03:58] [main/INFO]: Found mod file Clumps-forge-1.20.1-12.0.0.4.jar of type MOD with provider {mods folder locator at C:\Users\Philipp\curseforge\minecraft\Instances\Test-el3\mods}
[16:03:58] [main/INFO]: Found mod file CodeChickenLib-1.20.1-4.4.0.516-universal.jar of type MOD with provider {mods folder locator at C:\Users\Philipp\curseforge\minecraft\Instances\Test-el3\mods}
[16:03:58] [main/INFO]: Found mod file collective-1.20.1-8.13.jar of type MOD with provider {mods folder locator at C:\Users\Philipp\curseforge\minecraft\Instances\Test-el3\mods}
[16:03:58] [main/INFO]: Found mod file compacthelpcommand-1.20.1-2.8.jar of type MOD with provider {mods folder locator at C:\Users\Philipp\curseforge\minecraft\Instances\Test-el3\mods}
[16:03:58] [main/INFO]: Found mod file Controlling-forge-1.20.1-12.0.2.jar of type MOD with provider {mods folder locator at C:\Users\Philipp\curseforge\minecraft\Instances\Test-el3\mods}
[16:03:58] [main/INFO]: Found mod file copycats-3.0.2+mc.1.20.1-forge.jar of type MOD with provider {mods folder locator at C:\Users\Philipp\curseforge\minecraft\Instances\Test-el3\mods}
[16:03:58] [main/INFO]: Found mod file coroutil-forge-1.20.1-1.3.7.jar of type MOD with provider {mods folder locator at C:\Users\Philipp\curseforge\minecraft\Instances\Test-el3\mods}
[16:03:58] [main/INFO]: Found mod file craftingtweaks-forge-1.20.1-18.2.6.jar of type MOD with provider {mods folder locator at C:\Users\Philipp\curseforge\minecraft\Instances\Test-el3\mods}
[16:03:58] [main/INFO]: Found mod file Create Encased-1.20.1-1.7.2-fix1.jar of type MOD with provider {mods folder locator at C:\Users\Philipp\curseforge\minecraft\Instances\Test-el3\mods}
[16:03:58] [main/INFO]: Found mod file create-1.20.1-6.0.6.jar of type MOD with provider {mods folder locator at C:\Users\Philipp\curseforge\minecraft\Instances\Test-el3\mods}
[16:03:58] [main/INFO]: Found mod file create-mob-spawners-1.20.1-3.2.0.jar of type MOD with provider {mods folder locator at C:\Users\Philipp\curseforge\minecraft\Instances\Test-el3\mods}
[16:03:58] [main/INFO]: Found mod file create-new-age-forge-1.20.1-1.1.4.jar of type MOD with provider {mods folder locator at C:\Users\Philipp\curseforge\minecraft\Instances\Test-el3\mods}
[16:03:58] [main/INFO]: Found mod file create_central_kitchen-1.20.1-for-create-6.0.6-1.4.3b.jar of type MOD with provider {mods folder locator at C:\Users\Philipp\curseforge\minecraft\Instances\Test-el3\mods}
[16:03:58] [main/INFO]: Found mod file create_connected-1.1.7-mc1.20.1-all.jar of type MOD with provider {mods folder locator at C:\Users\Philipp\curseforge\minecraft\Instances\Test-el3\mods}
[16:03:58] [main/INFO]: Found mod file create_enchantment_industry-1.3.3-for-create-6.0.6.jar of type MOD with provider {mods folder locator at C:\Users\Philipp\curseforge\minecraft\Instances\Test-el3\mods}
[16:03:58] [main/INFO]: Found mod file create_mecanical_extruder-1.20.1-1.6.11-6.0.6.jar of type MOD with provider {mods folder locator at C:\Users\Philipp\curseforge\minecraft\Instances\Test-el3\mods}
[16:03:58] [main/INFO]: Found mod file create_power_loader-2.0.3-mc1.20.1.jar of type MOD with provider {mods folder locator at C:\Users\Philipp\curseforge\minecraft\Instances\Test-el3\mods}
[16:03:58] [main/INFO]: Found mod file create_recycle_1.0.2_forge_1.20.1.jar of type MOD with provider {mods folder locator at C:\Users\Philipp\curseforge\minecraft\Instances\Test-el3\mods}
[16:03:58] [main/INFO]: Found mod file createaddoncompatibility-0.2.4.jar of type MOD with provider {mods folder locator at C:\Users\Philipp\curseforge\minecraft\Instances\Test-el3\mods}
[16:03:58] [main/INFO]: Found mod file createbigcannons-5.9.1-mc.1.20.1-forge.jar of type MOD with provider {mods folder locator at C:\Users\Philipp\curseforge\minecraft\Instances\Test-el3\mods}
[16:03:58] [main/INFO]: Found mod file createdeco-2.0.3-1.20.1-forge.jar of type MOD with provider {mods folder locator at C:\Users\Philipp\curseforge\minecraft\Instances\Test-el3\mods}
[16:03:58] [main/INFO]: Found mod file createframed-1.20.1-1.6.5.jar of type MOD with provider {mods folder locator at C:\Users\Philipp\curseforge\minecraft\Instances\Test-el3\mods}
[16:03:58] [main/INFO]: Found mod file creategoggles-1.20.1-6.1.0-[FORGE].jar of type MOD with provider {mods folder locator at C:\Users\Philipp\curseforge\minecraft\Instances\Test-el3\mods}
[16:03:58] [main/INFO]: Found mod file CreateNumismatics-1.0.15+forge-mc1.20.1.jar of type MOD with provider {mods folder locator at C:\Users\Philipp\curseforge\minecraft\Instances\Test-el3\mods}
[16:03:58] [main/INFO]: Found mod file createrailwaysnavigator-forge-1.20.1-beta-0.8.4-C6.jar of type MOD with provider {mods folder locator at C:\Users\Philipp\curseforge\minecraft\Instances\Test-el3\mods}
[16:03:58] [main/INFO]: Found mod file cupboard-1.20.1-2.7.jar of type MOD with provider {mods folder locator at C:\Users\Philipp\curseforge\minecraft\Instances\Test-el3\mods}
[16:03:58] [main/INFO]: Found mod file curios-forge-5.14.1+1.20.1.jar of type MOD with provider {mods folder locator at C:\Users\Philipp\curseforge\minecraft\Instances\Test-el3\mods}
[16:03:58] [main/INFO]: Found mod file cwb-forge-3.0.0+mc1.20.jar of type MOD with provider {mods folder locator at C:\Users\Philipp\curseforge\minecraft\Instances\Test-el3\mods}
[16:03:58] [main/INFO]: Found mod file DarkModeEverywhere-1.20.1-1.2.4.jar of type MOD with provider {mods folder locator at C:\Users\Philipp\curseforge\minecraft\Instances\Test-el3\mods}
[16:03:58] [main/INFO]: Found mod file dcintegration-forge-3.0.7.1-1.20.1.jar of type MOD with provider {mods folder locator at C:\Users\Philipp\curseforge\minecraft\Instances\Test-el3\mods}
[16:03:58] [main/INFO]: Found mod file DimWorldBorder-Continuation-1.20.1-1.0.2.jar of type MOD with provider {mods folder locator at C:\Users\Philipp\curseforge\minecraft\Instances\Test-el3\mods}
[16:03:58] [main/INFO]: Found mod file do_a_barrel_roll-forge-3.5.6+1.20.1.jar of type MOD with provider {mods folder locator at C:\Users\Philipp\curseforge\minecraft\Instances\Test-el3\mods}
[16:03:58] [main/INFO]: Found mod file Draconic-Evolution-1.20.1-3.1.2.621-universal.jar of type MOD with provider {mods folder locator at C:\Users\Philipp\curseforge\minecraft\Instances\Test-el3\mods}
[16:03:58] [main/INFO]: Found mod file dragonfight-1.20.1-4.7.jar of type MOD with provider {mods folder locator at C:\Users\Philipp\curseforge\minecraft\Instances\Test-el3\mods}
[16:03:58] [main/INFO]: Found mod file DrawersTooltip-1.20.1-forge-8.0.0.jar of type MOD with provider {mods folder locator at C:\Users\Philipp\curseforge\minecraft\Instances\Test-el3\mods}
[16:03:58] [main/INFO]: Found mod file drippyloadingscreen_forge_3.1.0_MC_1.20.1.jar of type MOD with provider {mods folder locator at C:\Users\Philipp\curseforge\minecraft\Instances\Test-el3\mods}
[16:03:58] [main/INFO]: Found mod file dynamic-fps-3.11.3+minecraft-1.20.0-forge.jar of type MOD with provider {mods folder locator at C:\Users\Philipp\curseforge\minecraft\Instances\Test-el3\mods}
[16:03:58] [main/INFO]: Found mod file e4mc_minecraft-forge-5.5.4.jar of type MOD with provider {mods folder locator at C:\Users\Philipp\curseforge\minecraft\Instances\Test-el3\mods}
[16:03:58] [main/INFO]: Found mod file easy-villagers-forge-1.20.1-1.1.23.jar of type MOD with provider {mods folder locator at C:\Users\Philipp\curseforge\minecraft\Instances\Test-el3\mods}
[16:03:58] [main/INFO]: Found mod file easyelytratakeoff-1.20.1-4.5.jar of type MOD with provider {mods folder locator at C:\Users\Philipp\curseforge\minecraft\Instances\Test-el3\mods}
[16:03:58] [main/INFO]: Found mod file embeddium-0.3.31+mc1.20.1.jar of type MOD with provider {mods folder locator at C:\Users\Philipp\curseforge\minecraft\Instances\Test-el3\mods}
[16:03:58] [main/INFO]: Found mod file emi-1.1.22+1.20.1+forge.jar of type MOD with provider {mods folder locator at C:\Users\Philipp\curseforge\minecraft\Instances\Test-el3\mods}
[16:03:58] [main/INFO]: Found mod file emi_create_schematics-1.0.4.jar of type MOD with provider {mods folder locator at C:\Users\Philipp\curseforge\minecraft\Instances\Test-el3\mods}
[16:03:58] [main/INFO]: Found mod file emi_loot-0.7.9+1.20.1+forge.jar of type MOD with provider {mods folder locator at C:\Users\Philipp\curseforge\minecraft\Instances\Test-el3\mods}
[16:03:58] [main/INFO]: Found mod file emi_ores-1.2+1.20.1+forge.jar of type MOD with provider {mods folder locator at C:\Users\Philipp\curseforge\minecraft\Instances\Test-el3\mods}
[16:03:58] [main/INFO]: Found mod file EMIEnchants-forge-1.19.3-1.20.4-1.0.0.jar of type MOD with provider {mods folder locator at C:\Users\Philipp\curseforge\minecraft\Instances\Test-el3\mods}
[16:03:58] [main/INFO]: Found mod file emiffect-forge-1.1.2+mc1.20.1.jar of type MOD with provider {mods folder locator at C:\Users\Philipp\curseforge\minecraft\Instances\Test-el3\mods}
[16:03:58] [main/INFO]: Found mod file emitrades-forge-1.2.1+mc1.20.1.jar of type MOD with provider {mods folder locator at C:\Users\Philipp\curseforge\minecraft\Instances\Test-el3\mods}
[16:03:58] [main/INFO]: Found mod file entity_model_features_1.20.1-forge-3.0.10.jar of type MOD with provider {mods folder locator at C:\Users\Philipp\curseforge\minecraft\Instances\Test-el3\mods}
[16:03:58] [main/INFO]: Found mod file entity_texture_features_1.20.1-forge-7.0.8.jar of type MOD with provider {mods folder locator at C:\Users\Philipp\curseforge\minecraft\Instances\Test-el3\mods}
[16:03:58] [main/INFO]: Found mod file entityculling-forge-1.9.5-mc1.20.1.jar of type MOD with provider {mods folder locator at C:\Users\Philipp\curseforge\minecraft\Instances\Test-el3\mods}
[16:03:58] [main/INFO]: Found mod file EquipmentCompare-1.20.1-forge-1.3.7.jar of type MOD with provider {mods folder locator at C:\Users\Philipp\curseforge\minecraft\Instances\Test-el3\mods}
[16:03:58] [main/INFO]: Found mod file ExtendedAE-1.20-1.4.9-forge.jar of type MOD with provider {mods folder locator at C:\Users\Philipp\curseforge\minecraft\Instances\Test-el3\mods}
[16:03:58] [main/INFO]: Found mod file fabric-api-0.92.6+1.11.14+1.20.1.jar of type MOD with provider {mods folder locator at C:\Users\Philipp\curseforge\minecraft\Instances\Test-el3\mods}
[16:03:58] [main/INFO]: Found mod file fancymenu_forge_3.8.1_MC_1.20.1.jar of type MOD with provider {mods folder locator at C:\Users\Philipp\curseforge\minecraft\Instances\Test-el3\mods}
[16:03:58] [main/INFO]: Found mod file FarmersDelight-1.20.1-1.2.9.jar of type MOD with provider {mods folder locator at C:\Users\Philipp\curseforge\minecraft\Instances\Test-el3\mods}
[16:03:58] [main/INFO]: Found mod file fast-ip-ping-v1.0.8-mc1.20.4-forge.jar of type MOD with provider {mods folder locator at C:\Users\Philipp\curseforge\minecraft\Instances\Test-el3\mods}
[16:03:58] [main/INFO]: Found mod file fastboot-1.20.x-1.2.jar of type MOD with provider {mods folder locator at C:\Users\Philipp\curseforge\minecraft\Instances\Test-el3\mods}
[16:03:58] [main/INFO]: Found mod file FastLeafDecay-32.jar of type MOD with provider {mods folder locator at C:\Users\Philipp\curseforge\minecraft\Instances\Test-el3\mods}
[16:03:58] [main/INFO]: Found mod file FastSuite-1.20.1-5.1.1.jar of type MOD with provider {mods folder locator at C:\Users\Philipp\curseforge\minecraft\Instances\Test-el3\mods}
[16:03:58] [main/INFO]: Found mod file ferritecore-6.0.1-forge.jar of type MOD with provider {mods folder locator at C:\Users\Philipp\curseforge\minecraft\Instances\Test-el3\mods}
[16:03:58] [main/INFO]: Found mod file FluidDrawersLegacy-1.20.1-forge-5.0.1.jar of type MOD with provider {mods folder locator at C:\Users\Philipp\curseforge\minecraft\Instances\Test-el3\mods}
[16:03:58] [main/INFO]: Found mod file FluxNetworks-1.20.1-7.2.1.15.jar of type MOD with provider {mods folder locator at C:\Users\Philipp\curseforge\minecraft\Instances\Test-el3\mods}
[16:03:58] [main/INFO]: Found mod file framedcompactdrawers-1.20-6.0.1.jar of type MOD with provider {mods folder locator at C:\Users\Philipp\curseforge\minecraft\Instances\Test-el3\mods}
[16:03:58] [main/INFO]: Found mod file freecam-forge-1.2.1+1.20.jar of type MOD with provider {mods folder locator at C:\Users\Philipp\curseforge\minecraft\Instances\Test-el3\mods}
[16:03:58] [main/INFO]: Found mod file ftb-library-forge-2001.2.12.jar of type MOD with provider {mods folder locator at C:\Users\Philipp\curseforge\minecraft\Instances\Test-el3\mods}
[16:03:58] [main/INFO]: Found mod file ftb-quests-forge-2001.4.17.jar of type MOD with provider {mods folder locator at C:\Users\Philipp\curseforge\minecraft\Instances\Test-el3\mods}
[16:03:58] [main/INFO]: Found mod file ftb-teams-forge-2001.3.1.jar of type MOD with provider {mods folder locator at C:\Users\Philipp\curseforge\minecraft\Instances\Test-el3\mods}
[16:03:58] [main/INFO]: Found mod file ftb-xmod-compat-forge-2.1.3.jar of type MOD with provider {mods folder locator at C:\Users\Philipp\curseforge\minecraft\Instances\Test-el3\mods}
[16:03:58] [main/INFO]: Found mod file ftbbackups2-forge-1.20-1.0.23.jar of type MOD with provider {mods folder locator at C:\Users\Philipp\curseforge\minecraft\Instances\Test-el3\mods}
[16:03:58] [main/INFO]: Found mod file fusion-1.2.11c-forge-mc1.20.1.jar of type MOD with provider {mods folder locator at C:\Users\Philipp\curseforge\minecraft\Instances\Test-el3\mods}
[16:03:58] [main/INFO]: Found mod file fzzy_config-0.7.4+1.20.1+forge.jar of type MOD with provider {mods folder locator at C:\Users\Philipp\curseforge\minecraft\Instances\Test-el3\mods}
[16:03:58] [main/INFO]: Found mod file GameStages-Forge-1.20.1-15.0.2.jar of type MOD with provider {mods folder locator at C:\Users\Philipp\curseforge\minecraft\Instances\Test-el3\mods}
[16:03:58] [main/INFO]: Found mod file geckolib-forge-1.20.1-4.8.2.jar of type MOD with provider {mods folder locator at C:\Users\Philipp\curseforge\minecraft\Instances\Test-el3\mods}
[16:03:58] [main/INFO]: Found mod file Glodium-1.20-1.5-forge.jar of type MOD with provider {mods folder locator at C:\Users\Philipp\curseforge\minecraft\Instances\Test-el3\mods}
[16:03:58] [main/INFO]: Found mod file gravestone-forge-1.20.1-1.0.35.jar of type MOD with provider {mods folder locator at C:\Users\Philipp\curseforge\minecraft\Instances\Test-el3\mods}
[16:03:58] [main/INFO]: Found mod file gravestonecurioscompat-1.20.x-Forge-3.0.0.jar of type MOD with provider {mods folder locator at C:\Users\Philipp\curseforge\minecraft\Instances\Test-el3\mods}
[16:03:58] [main/INFO]: Found mod file guideme-20.1.14.jar of type MOD with provider {mods folder locator at C:\Users\Philipp\curseforge\minecraft\Instances\Test-el3\mods}
[16:03:58] [main/INFO]: Found mod file Iceberg-1.20.1-forge-1.1.25.jar of type MOD with provider {mods folder locator at C:\Users\Philipp\curseforge\minecraft\Instances\Test-el3\mods}
[16:03:58] [main/INFO]: Found mod file ImmediatelyFast-Forge-1.5.3+1.20.4.jar of type MOD with provider {mods folder locator at C:\Users\Philipp\curseforge\minecraft\Instances\Test-el3\mods}
[16:03:58] [main/INFO]: Found mod file immersive_aircraft-1.4.0+1.20.1-forge.jar of type MOD with provider {mods folder locator at C:\Users\Philipp\curseforge\minecraft\Instances\Test-el3\mods}
[16:03:58] [main/INFO]: Found mod file integrated_api-1.5.3+1.20.1-forge.jar of type MOD with provider {mods folder locator at C:\Users\Philipp\curseforge\minecraft\Instances\Test-el3\mods}
[16:03:58] [main/INFO]: Found mod file integrated_stronghold-1.1.2+1.20.1-forge.jar of type MOD with provider {mods folder locator at C:\Users\Philipp\curseforge\minecraft\Instances\Test-el3\mods}
[16:03:58] [main/INFO]: Found mod file integrated_villages-1.3.0+1.20.1-forge.jar of type MOD with provider {mods folder locator at C:\Users\Philipp\curseforge\minecraft\Instances\Test-el3\mods}
[16:03:58] [main/INFO]: Found mod file item-filters-forge-2001.1.0-build.59.jar of type MOD with provider {mods folder locator at C:\Users\Philipp\curseforge\minecraft\Instances\Test-el3\mods}
[16:03:58] [main/INFO]: Found mod file Jade-1.20.1-Forge-11.13.2.jar of type MOD with provider {mods folder locator at C:\Users\Philipp\curseforge\minecraft\Instances\Test-el3\mods}
[16:03:58] [main/INFO]: Found mod file JadeAddons-1.20.1-Forge-5.5.0.jar of type MOD with provider {mods folder locator at C:\Users\Philipp\curseforge\minecraft\Instances\Test-el3\mods}
[16:03:58] [main/INFO]: Found mod file jearchaeology-1.20.1-1.0.4.jar of type MOD with provider {mods folder locator at C:\Users\Philipp\curseforge\minecraft\Instances\Test-el3\mods}
[16:03:58] [main/INFO]: Found mod file jei-1.20.1-forge-15.20.0.112.jar of type MOD with provider {mods folder locator at C:\Users\Philipp\curseforge\minecraft\Instances\Test-el3\mods}
[16:03:58] [main/INFO]: Found mod file JustEnoughBeacons-Forge-1.19+-1.1.2.jar of type MOD with provider {mods folder locator at C:\Users\Philipp\curseforge\minecraft\Instances\Test-el3\mods}
[16:03:58] [main/INFO]: Found mod file justenoughbreeding-forge-1.20-1.20.1-2.5.0.jar of type MOD with provider {mods folder locator at C:\Users\Philipp\curseforge\minecraft\Instances\Test-el3\mods}
[16:03:58] [main/INFO]: Found mod file JustEnoughMekanismMultiblocks-1.20.1-4.15.jar of type MOD with provider {mods folder locator at C:\Users\Philipp\curseforge\minecraft\Instances\Test-el3\mods}
[16:03:58] [main/INFO]: Found mod file JustEnoughProfessions-forge-1.20.1-3.0.1.jar of type MOD with provider {mods folder locator at C:\Users\Philipp\curseforge\minecraft\Instances\Test-el3\mods}
[16:03:58] [main/INFO]: Found mod file justzoom_forge_2.1.1_MC_1.20.1.jar of type MOD with provider {mods folder locator at C:\Users\Philipp\curseforge\minecraft\Instances\Test-el3\mods}
[16:03:58] [main/INFO]: Found mod file KeeperOfInventories-1.20.1-v1.0.1.jar of type MOD with provider {mods folder locator at C:\Users\Philipp\curseforge\minecraft\Instances\Test-el3\mods}
[16:03:58] [main/INFO]: Found mod file keybindbundles-1.20.1-1.1.0.jar of type MOD with provider {mods folder locator at C:\Users\Philipp\curseforge\minecraft\Instances\Test-el3\mods}
[16:03:58] [main/INFO]: Found mod file kleiders_custom_renderer-7.4.1-forge-1.20.1.jar of type MOD with provider {mods folder locator at C:\Users\Philipp\curseforge\minecraft\Instances\Test-el3\mods}
[16:03:58] [main/INFO]: Found mod file konkrete_forge_1.8.0_MC_1.20-1.20.1.jar of type MOD with provider {mods folder locator at C:\Users\Philipp\curseforge\minecraft\Instances\Test-el3\mods}
[16:03:58] [main/INFO]: Found mod file kotlinforforge-4.12.0-all.jar of type LIBRARY with provider {mods folder locator at C:\Users\Philipp\curseforge\minecraft\Instances\Test-el3\mods}
[16:03:58] [main/INFO]: Found mod file kubejs-create-forge-2001.3.0-build.8.jar of type MOD with provider {mods folder locator at C:\Users\Philipp\curseforge\minecraft\Instances\Test-el3\mods}
[16:03:58] [main/INFO]: Found mod file kubejs-forge-2001.6.5-build.16.jar of type MOD with provider {mods folder locator at C:\Users\Philipp\curseforge\minecraft\Instances\Test-el3\mods}
[16:03:58] [main/INFO]: Found mod file kubejs-mekanism-forge-2001.1.5.1-build.2.jar of type MOD with provider {mods folder locator at C:\Users\Philipp\curseforge\minecraft\Instances\Test-el3\mods}
[16:03:58] [main/INFO]: Found mod file LegendaryTooltips-1.20.1-forge-1.4.5.jar of type MOD with provider {mods folder locator at C:\Users\Philipp\curseforge\minecraft\Instances\Test-el3\mods}
[16:03:58] [main/INFO]: Found mod file letsdo-API-forge-1.2.15-forge.jar of type MOD with provider {mods folder locator at C:\Users\Philipp\curseforge\minecraft\Instances\Test-el3\mods}
[16:03:58] [main/INFO]: Found mod file letsdo-bakery-forge-1.1.15.jar of type MOD with provider {mods folder locator at C:\Users\Philipp\curseforge\minecraft\Instances\Test-el3\mods}
[16:03:58] [main/INFO]: Found mod file letsdo-beachparty-forge-2.0.3.jar of type MOD with provider {mods folder locator at C:\Users\Philipp\curseforge\minecraft\Instances\Test-el3\mods}
[16:03:58] [main/INFO]: Found mod file letsdo-brewery-forge-1.1.9.jar of type MOD with provider {mods folder locator at C:\Users\Philipp\curseforge\minecraft\Instances\Test-el3\mods}
[16:03:58] [main/INFO]: Found mod file letsdo-camping-forge-1.0.4.jar of type MOD with provider {mods folder locator at C:\Users\Philipp\curseforge\minecraft\Instances\Test-el3\mods}
[16:03:58] [main/INFO]: Found mod file letsdo-candlelight-forge-1.2.13.jar of type MOD with provider {mods folder locator at C:\Users\Philipp\curseforge\minecraft\Instances\Test-el3\mods}
[16:03:58] [main/INFO]: Found mod file letsdo-herbalbrews-forge-1.0.12.jar of type MOD with provider {mods folder locator at C:\Users\Philipp\curseforge\minecraft\Instances\Test-el3\mods}
[16:03:58] [main/INFO]: Found mod file letsdo-meadow-forge-1.3.25.jar of type MOD with provider {mods folder locator at C:\Users\Philipp\curseforge\minecraft\Instances\Test-el3\mods}
[16:03:58] [main/INFO]: Found mod file letsdo-nethervinery-forge-1.2.19.jar of type MOD with provider {mods folder locator at C:\Users\Philipp\curseforge\minecraft\Instances\Test-el3\mods}
[16:03:58] [main/INFO]: Found mod file letsdo-vinery-forge-1.4.41.jar of type MOD with provider {mods folder locator at C:\Users\Philipp\curseforge\minecraft\Instances\Test-el3\mods}
[16:03:58] [main/INFO]: Found mod file libIPN-forge-1.20-4.0.2.jar of type MOD with provider {mods folder locator at C:\Users\Philipp\curseforge\minecraft\Instances\Test-el3\mods}
[16:03:58] [main/INFO]: Found mod file limitedchunks-1.20.1-4.1.jar of type MOD with provider {mods folder locator at C:\Users\Philipp\curseforge\minecraft\Instances\Test-el3\mods}
[16:03:58] [main/INFO]: Found mod file lithostitched-forge-1.20.1-1.4.11.jar of type MOD with provider {mods folder locator at C:\Users\Philipp\curseforge\minecraft\Instances\Test-el3\mods}
[16:03:58] [main/INFO]: Found mod file lootintegrations-1.20.1-4.7.jar of type MOD with provider {mods folder locator at C:\Users\Philipp\curseforge\minecraft\Instances\Test-el3\mods}
[16:03:58] [main/INFO]: Found mod file lootintegrations_integrated-1.4.jar of type MOD with provider {mods folder locator at C:\Users\Philipp\curseforge\minecraft\Instances\Test-el3\mods}
[16:03:58] [main/INFO]: Found mod file lootjs-forge-1.20.1-2.13.0.jar of type MOD with provider {mods folder locator at C:\Users\Philipp\curseforge\minecraft\Instances\Test-el3\mods}
[16:03:58] [main/INFO]: Found mod file lootr-forge-1.20-0.7.35.94.jar of type MOD with provider {mods folder locator at C:\Users\Philipp\curseforge\minecraft\Instances\Test-el3\mods}
[16:03:58] [main/INFO]: Found mod file mae2-2.0.0-beta.d.jar of type MOD with provider {mods folder locator at C:\Users\Philipp\curseforge\minecraft\Instances\Test-el3\mods}
[16:03:58] [main/INFO]: Found mod file man_of_many_planes-0.2.0+1.20.1-forge.jar of type MOD with provider {mods folder locator at C:\Users\Philipp\curseforge\minecraft\Instances\Test-el3\mods}
[16:03:58] [main/INFO]: Found mod file Mekanism-1.20.1-10.4.16.80.jar of type MOD with provider {mods folder locator at C:\Users\Philipp\curseforge\minecraft\Instances\Test-el3\mods}
[16:03:58] [main/INFO]: Found mod file mekanismcovers-1.3-BETA+1.20.jar of type MOD with provider {mods folder locator at C:\Users\Philipp\curseforge\minecraft\Instances\Test-el3\mods}
[16:03:58] [main/INFO]: Found mod file MekanismTools-1.20.1-10.4.16.80.jar of type MOD with provider {mods folder locator at C:\Users\Philipp\curseforge\minecraft\Instances\Test-el3\mods}
[16:03:58] [main/INFO]: Found mod file MekanismWeapons-1.20.1-3.0.jar of type MOD with provider {mods folder locator at C:\Users\Philipp\curseforge\minecraft\Instances\Test-el3\mods}
[16:03:58] [main/INFO]: Found mod file melody_forge_1.0.3_MC_1.20.1-1.20.4.jar of type MOD with provider {mods folder locator at C:\Users\Philipp\curseforge\minecraft\Instances\Test-el3\mods}
[16:03:58] [main/INFO]: Found mod file modernfix-forge-5.25.2+mc1.20.1.jar of type MOD with provider {mods folder locator at C:\Users\Philipp\curseforge\minecraft\Instances\Test-el3\mods}
[16:03:58] [main/INFO]: Found mod file moonlight-1.20-2.16.21-forge.jar of type MOD with provider {mods folder locator at C:\Users\Philipp\curseforge\minecraft\Instances\Test-el3\mods}
[16:03:58] [main/INFO]: Found mod file MoreMekanismProcessing-1.20.1-4.4.jar of type MOD with provider {mods folder locator at C:\Users\Philipp\curseforge\minecraft\Instances\Test-el3\mods}
[16:03:58] [main/INFO]: Found mod file natures_spirit-2.2.5-1.20.1.jar of type MOD with provider {mods folder locator at C:\Users\Philipp\curseforge\minecraft\Instances\Test-el3\mods}
[16:03:58] [main/INFO]: Found mod file NaturesCompass-1.20.1-1.11.2-forge.jar of type MOD with provider {mods folder locator at C:\Users\Philipp\curseforge\minecraft\Instances\Test-el3\mods}
[16:03:58] [main/INFO]: Found mod file NekosEnchantedBooks-1.19.3-2.0.3.jar of type MOD with provider {mods folder locator at C:\Users\Philipp\curseforge\minecraft\Instances\Test-el3\mods}
[16:03:58] [main/INFO]: Found mod file nightvision-mod-1.0.6.jar of type MOD with provider {mods folder locator at C:\Users\Philipp\curseforge\minecraft\Instances\Test-el3\mods}
[16:03:58] [main/INFO]: Found mod file Not Enough Recipe Book-FORGE-0.4.1+1.20.1.jar of type MOD with provider {mods folder locator at C:\Users\Philipp\curseforge\minecraft\Instances\Test-el3\mods}
[16:03:58] [main/INFO]: Found mod file notenoughanimations-forge-1.11.1-mc1.20.1.jar of type MOD with provider {mods folder locator at C:\Users\Philipp\curseforge\minecraft\Instances\Test-el3\mods}
[16:03:58] [main/INFO]: Found mod file notenoughcrashes-4.4.9+1.20.1-forge.jar of type MOD with provider {mods folder locator at C:\Users\Philipp\curseforge\minecraft\Instances\Test-el3\mods}
[16:03:58] [main/INFO]: Found mod file Nullscape_1.20.x_v1.2.8.jar of type MOD with provider {mods folder locator at C:\Users\Philipp\curseforge\minecraft\Instances\Test-el3\mods}
[16:03:58] [main/INFO]: Found mod file OctoLib-FORGE-0.5.0.1+1.20.1.jar of type MOD with provider {mods folder locator at C:\Users\Philipp\curseforge\minecraft\Instances\Test-el3\mods}
[16:03:58] [main/INFO]: Found mod file open-parties-and-claims-forge-1.20.1-0.25.8.jar of type MOD with provider {mods folder locator at C:\Users\Philipp\curseforge\minecraft\Instances\Test-el3\mods}
[16:03:58] [main/INFO]: Found mod file Patchouli-1.20.1-84.1-FORGE.jar of type MOD with provider {mods folder locator at C:\Users\Philipp\curseforge\minecraft\Instances\Test-el3\mods}
[16:03:58] [main/INFO]: Found mod file pattern_schematics-1.2.3+forge-1.20.1.jar of type MOD with provider {mods folder locator at C:\Users\Philipp\curseforge\minecraft\Instances\Test-el3\mods}
[16:03:58] [main/INFO]: Found mod file Placebo-1.20.1-8.6.3.jar of type MOD with provider {mods folder locator at C:\Users\Philipp\curseforge\minecraft\Instances\Test-el3\mods}
[16:03:58] [main/INFO]: Found mod file polylib-forge-2000.0.3-build.143.jar of type MOD with provider {mods folder locator at C:\Users\Philipp\curseforge\minecraft\Instances\Test-el3\mods}
[16:03:58] [main/INFO]: Found mod file polymorph-forge-0.49.10+1.20.1.jar of type MOD with provider {mods folder locator at C:\Users\Philipp\curseforge\minecraft\Instances\Test-el3\mods}
[16:03:58] [main/INFO]: Found mod file Prism-1.20.1-forge-1.0.5.jar of type MOD with provider {mods folder locator at C:\Users\Philipp\curseforge\minecraft\Instances\Test-el3\mods}
[16:03:58] [main/INFO]: Found mod file probejs-6.0.1-forge.jar of type MOD with provider {mods folder locator at C:\Users\Philipp\curseforge\minecraft\Instances\Test-el3\mods}
[16:03:58] [main/INFO]: Found mod file protection_pixel-2.0.2-forge-1.20.1.jar of type MOD with provider {mods folder locator at C:\Users\Philipp\curseforge\minecraft\Instances\Test-el3\mods}
[16:03:58] [main/INFO]: Found mod file Quark-4.0-462.jar of type MOD with provider {mods folder locator at C:\Users\Philipp\curseforge\minecraft\Instances\Test-el3\mods}
[16:03:58] [main/INFO]: Found mod file questsadditions-1.4.7.jar of type MOD with provider {mods folder locator at C:\Users\Philipp\curseforge\minecraft\Instances\Test-el3\mods}
[16:03:58] [main/INFO]: Found mod file Quick Boot-mc1.20.1-1.0.1.jar of type MOD with provider {mods folder locator at C:\Users\Philipp\curseforge\minecraft\Instances\Test-el3\mods}
[16:03:58] [main/INFO]: Found mod file radium-mc1.20.1-0.12.4+git.26c9d8e.jar of type MOD with provider {mods folder locator at C:\Users\Philipp\curseforge\minecraft\Instances\Test-el3\mods}
[16:03:58] [main/INFO]: Found mod file resourcefulconfig-forge-1.20.1-2.1.3.jar of type MOD with provider {mods folder locator at C:\Users\Philipp\curseforge\minecraft\Instances\Test-el3\mods}
[16:03:58] [main/INFO]: Found mod file resourcefullib-forge-1.20.1-2.1.29.jar of type MOD with provider {mods folder locator at C:\Users\Philipp\curseforge\minecraft\Instances\Test-el3\mods}
[16:03:58] [main/INFO]: Found mod file rhino-forge-2001.2.3-build.10.jar of type MOD with provider {mods folder locator at C:\Users\Philipp\curseforge\minecraft\Instances\Test-el3\mods}
[16:03:58] [main/INFO]: Found mod file ritchiesprojectilelib-2.1.1-mc.1.20.1-forge.jar of type MOD with provider {mods folder locator at C:\Users\Philipp\curseforge\minecraft\Instances\Test-el3\mods}
[16:03:58] [main/INFO]: Found mod file sdmgamestageshelper-1.20.1-1.1.0.jar of type MOD with provider {mods folder locator at C:\Users\Philipp\curseforge\minecraft\Instances\Test-el3\mods}
[16:03:58] [main/INFO]: Found mod file Searchables-forge-1.20.1-1.0.3.jar of type MOD with provider {mods folder locator at C:\Users\Philipp\curseforge\minecraft\Instances\Test-el3\mods}
[16:03:58] [main/INFO]: Found mod file Simple Health Bar v1.0.2 [Forge 1.20.1].jar of type MOD with provider {mods folder locator at C:\Users\Philipp\curseforge\minecraft\Instances\Test-el3\mods}
[16:03:58] [main/INFO]: Found mod file skinlayers3d-forge-1.10.1-mc1.20.1.jar of type MOD with provider {mods folder locator at C:\Users\Philipp\curseforge\minecraft\Instances\Test-el3\mods}
[16:03:58] [main/INFO]: Found mod file sliceanddice-forge-3.5.2.jar of type MOD with provider {mods folder locator at C:\Users\Philipp\curseforge\minecraft\Instances\Test-el3\mods}
[16:03:58] [main/INFO]: Found mod file smoothchunk-1.20.1-4.1.jar of type MOD with provider {mods folder locator at C:\Users\Philipp\curseforge\minecraft\Instances\Test-el3\mods}
[16:03:58] [main/INFO]: Found mod file sophisticatedbackpacks-1.20.1-3.24.10.1404.jar of type MOD with provider {mods folder locator at C:\Users\Philipp\curseforge\minecraft\Instances\Test-el3\mods}
[16:03:58] [main/INFO]: Found mod file sophisticatedcore-1.20.1-1.2.106.1235.jar of type MOD with provider {mods folder locator at C:\Users\Philipp\curseforge\minecraft\Instances\Test-el3\mods}
[16:03:58] [main/INFO]: Found mod file spark-1.10.53-forge.jar of type MOD with provider {mods folder locator at C:\Users\Philipp\curseforge\minecraft\Instances\Test-el3\mods}
[16:03:58] [main/INFO]: Found mod file Steam_Rails-1.6.13-alpha+forge-mc1.20.1.jar of type MOD with provider {mods folder locator at C:\Users\Philipp\curseforge\minecraft\Instances\Test-el3\mods}
[16:03:58] [main/INFO]: Found mod file storagedrawers-1.20.1-12.0.3.jar of type MOD with provider {mods folder locator at C:\Users\Philipp\curseforge\minecraft\Instances\Test-el3\mods}
[16:03:58] [main/INFO]: Found mod file Super Factory Manager (SFM)-MC1.20.1-4.28.0.jar of type MOD with provider {mods folder locator at C:\Users\Philipp\curseforge\minecraft\Instances\Test-el3\mods}
[16:03:58] [main/INFO]: Found mod file supermartijn642configlib-1.1.8-forge-mc1.20.jar of type MOD with provider {mods folder locator at C:\Users\Philipp\curseforge\minecraft\Instances\Test-el3\mods}
[16:03:58] [main/INFO]: Found mod file supermartijn642corelib-1.1.19-forge-mc1.20.1.jar of type MOD with provider {mods folder locator at C:\Users\Philipp\curseforge\minecraft\Instances\Test-el3\mods}
[16:03:58] [main/INFO]: Found mod file supplementaries-1.20-3.1.41.jar of type MOD with provider {mods folder locator at C:\Users\Philipp\curseforge\minecraft\Instances\Test-el3\mods}
[16:03:58] [main/INFO]: Found mod file suppsquared-1.20-1.1.28.jar of type MOD with provider {mods folder locator at C:\Users\Philipp\curseforge\minecraft\Instances\Test-el3\mods}
[16:03:58] [main/INFO]: Found mod file tectonic-3.0.17-forge-1.20.1.jar of type MOD with provider {mods folder locator at C:\Users\Philipp\curseforge\minecraft\Instances\Test-el3\mods}
[16:03:58] [main/INFO]: Found mod file TerraBlender-forge-1.20.1-3.0.1.10.jar of type MOD with provider {mods folder locator at C:\Users\Philipp\curseforge\minecraft\Instances\Test-el3\mods}
[16:03:58] [main/INFO]: Found mod file tfmg-1.0.2c.jar of type MOD with provider {mods folder locator at C:\Users\Philipp\curseforge\minecraft\Instances\Test-el3\mods}
[16:03:58] [main/INFO]: Found mod file toms_storage-1.20-1.7.1.jar of type MOD with provider {mods folder locator at C:\Users\Philipp\curseforge\minecraft\Instances\Test-el3\mods}
[16:03:58] [main/INFO]: Found mod file visual_recipe_editor1.20.1-1.1.0.jar of type MOD with provider {mods folder locator at C:\Users\Philipp\curseforge\minecraft\Instances\Test-el3\mods}
[16:03:58] [main/INFO]: Found mod file voicechat-forge-1.20.1-2.6.11.jar of type MOD with provider {mods folder locator at C:\Users\Philipp\curseforge\minecraft\Instances\Test-el3\mods}
[16:03:58] [main/INFO]: Found mod file watut-forge-1.20.1-1.2.3.jar of type MOD with provider {mods folder locator at C:\Users\Philipp\curseforge\minecraft\Instances\Test-el3\mods}
[16:03:58] [main/INFO]: Found mod file worldedit-mod-7.2.15.jar of type MOD with provider {mods folder locator at C:\Users\Philipp\curseforge\minecraft\Instances\Test-el3\mods}
[16:03:58] [main/INFO]: Found mod file xaerominimap-forge-1.20.1-25.3.5.jar of type MOD with provider {mods folder locator at C:\Users\Philipp\curseforge\minecraft\Instances\Test-el3\mods}
[16:03:58] [main/INFO]: Found mod file XaeroPlus-2.30.3+forge-1.20.1-WM1.40.6-MM25.3.5.jar of type MOD with provider {mods folder locator at C:\Users\Philipp\curseforge\minecraft\Instances\Test-el3\mods}
[16:03:58] [main/INFO]: Found mod file xaeroworldmap-forge-1.20.1-1.40.6.jar of type MOD with provider {mods folder locator at C:\Users\Philipp\curseforge\minecraft\Instances\Test-el3\mods}
[16:03:58] [main/INFO]: Found mod file yet_another_config_lib_v3-3.6.6+1.20.1-forge.jar of type MOD with provider {mods folder locator at C:\Users\Philipp\curseforge\minecraft\Instances\Test-el3\mods}
[16:03:58] [main/INFO]: Found mod file YungsApi-1.20-Forge-4.0.6.jar of type MOD with provider {mods folder locator at C:\Users\Philipp\curseforge\minecraft\Instances\Test-el3\mods}
[16:03:58] [main/INFO]: Found mod file YungsBetterDesertTemples-1.20-Forge-3.0.3.jar of type MOD with provider {mods folder locator at C:\Users\Philipp\curseforge\minecraft\Instances\Test-el3\mods}
[16:03:58] [main/INFO]: Found mod file YungsBetterDungeons-1.20-Forge-4.0.4.jar of type MOD with provider {mods folder locator at C:\Users\Philipp\curseforge\minecraft\Instances\Test-el3\mods}
[16:03:58] [main/INFO]: Found mod file YungsBetterJungleTemples-1.20-Forge-2.0.5.jar of type MOD with provider {mods folder locator at C:\Users\Philipp\curseforge\minecraft\Instances\Test-el3\mods}
[16:03:58] [main/INFO]: Found mod file YungsBetterMineshafts-1.20-Forge-4.0.4.jar of type MOD with provider {mods folder locator at C:\Users\Philipp\curseforge\minecraft\Instances\Test-el3\mods}
[16:03:58] [main/INFO]: Found mod file YungsBetterNetherFortresses-1.20-Forge-2.0.6.jar of type MOD with provider {mods folder locator at C:\Users\Philipp\curseforge\minecraft\Instances\Test-el3\mods}
[16:03:58] [main/INFO]: Found mod file YungsBetterOceanMonuments-1.20-Forge-3.0.4.jar of type MOD with provider {mods folder locator at C:\Users\Philipp\curseforge\minecraft\Instances\Test-el3\mods}
[16:03:58] [main/INFO]: Found mod file YungsBetterWitchHuts-1.20-Forge-3.0.3.jar of type MOD with provider {mods folder locator at C:\Users\Philipp\curseforge\minecraft\Instances\Test-el3\mods}
[16:03:58] [main/INFO]: Found mod file Zeta-1.0-31.jar of type MOD with provider {mods folder locator at C:\Users\Philipp\curseforge\minecraft\Instances\Test-el3\mods}
[16:03:58] [main/WARN]: Mod file C:\Users\Philipp\curseforge\minecraft\Install\libraries\net\minecraftforge\fmlcore\1.20.1-47.4.10\fmlcore-1.20.1-47.4.10.jar is missing mods.toml file
[16:03:58] [main/WARN]: Mod file C:\Users\Philipp\curseforge\minecraft\Install\libraries\net\minecraftforge\javafmllanguage\1.20.1-47.4.10\javafmllanguage-1.20.1-47.4.10.jar is missing mods.toml file
[16:03:58] [main/WARN]: Mod file C:\Users\Philipp\curseforge\minecraft\Install\libraries\net\minecraftforge\lowcodelanguage\1.20.1-47.4.10\lowcodelanguage-1.20.1-47.4.10.jar is missing mods.toml file
[16:03:58] [main/WARN]: Mod file C:\Users\Philipp\curseforge\minecraft\Install\libraries\net\minecraftforge\mclanguage\1.20.1-47.4.10\mclanguage-1.20.1-47.4.10.jar is missing mods.toml file
[16:03:58] [main/INFO]: Found mod file fmlcore-1.20.1-47.4.10.jar of type LIBRARY with provider net.minecraftforge.fml.loading.moddiscovery.MinecraftLocator@31e72cbc
[16:03:58] [main/INFO]: Found mod file javafmllanguage-1.20.1-47.4.10.jar of type LANGPROVIDER with provider net.minecraftforge.fml.loading.moddiscovery.MinecraftLocator@31e72cbc
[16:03:58] [main/INFO]: Found mod file lowcodelanguage-1.20.1-47.4.10.jar of type LANGPROVIDER with provider net.minecraftforge.fml.loading.moddiscovery.MinecraftLocator@31e72cbc
[16:03:58] [main/INFO]: Found mod file mclanguage-1.20.1-47.4.10.jar of type LANGPROVIDER with provider net.minecraftforge.fml.loading.moddiscovery.MinecraftLocator@31e72cbc
[16:03:58] [main/INFO]: Found mod file client-1.20.1-20230612.114412-srg.jar of type MOD with provider net.minecraftforge.fml.loading.moddiscovery.MinecraftLocator@31e72cbc
[16:03:58] [main/INFO]: Found mod file forge-1.20.1-47.4.10-universal.jar of type MOD with provider net.minecraftforge.fml.loading.moddiscovery.MinecraftLocator@31e72cbc
[16:04:00] [main/WARN]: Attempted to select a dependency jar for JarJar which was passed in as source: architectury. Using Mod File: C:\Users\Philipp\curseforge\minecraft\Instances\Test-el3\mods\architectury-9.2.14-forge.jar
[16:04:00] [main/INFO]: Found 87 dependencies adding them to mods collection
[16:04:00] [main/INFO]: Found mod file fabric-dimensions-v1-2.1.55+8005d10d77.jar of type MOD with provider net.minecraftforge.fml.loading.moddiscovery.JarInJarDependencyLocator@62d1dc3c
[16:04:00] [main/INFO]: Found mod file fabric-transfer-api-v1-3.3.6+631c9cd677.jar of type MOD with provider net.minecraftforge.fml.loading.moddiscovery.JarInJarDependencyLocator@62d1dc3c
[16:04:00] [main/INFO]: Found mod file kuma-api-forge-20.1.12+1.20.1.jar of type MOD with provider net.minecraftforge.fml.loading.moddiscovery.JarInJarDependencyLocator@62d1dc3c
[16:04:00] [main/INFO]: Found mod file fabric-renderer-api-v1-3.2.2+cf68abbe77.jar of type MOD with provider net.minecraftforge.fml.loading.moddiscovery.JarInJarDependencyLocator@62d1dc3c
[16:04:00] [main/INFO]: Found mod file MixinExtras-0.5.0.jar of type GAMELIBRARY with provider net.minecraftforge.fml.loading.moddiscovery.JarInJarDependencyLocator@62d1dc3c
[16:04:00] [main/INFO]: Found mod file Ponder-Forge-1.20.1-1.0.80.jar of type MOD with provider net.minecraftforge.fml.loading.moddiscovery.JarInJarDependencyLocator@62d1dc3c
[16:04:00] [main/INFO]: Found mod file fabric-item-api-v1-2.1.29+4d0bbcfa77.jar of type MOD with provider net.minecraftforge.fml.loading.moddiscovery.JarInJarDependencyLocator@62d1dc3c
[16:04:00] [main/INFO]: Found mod file fabric-model-loading-api-v1-1.0.4+6274ab9d77.jar of type MOD with provider net.minecraftforge.fml.loading.moddiscovery.JarInJarDependencyLocator@62d1dc3c
[16:04:00] [main/INFO]: Found mod file Primitive Collections-0.8.9.jar of type GAMELIBRARY with provider net.minecraftforge.fml.loading.moddiscovery.JarInJarDependencyLocator@62d1dc3c
[16:04:00] [main/INFO]: Found mod file imageio-webp-3.12.0.jar of type GAMELIBRARY with provider net.minecraftforge.fml.loading.moddiscovery.JarInJarDependencyLocator@62d1dc3c
[16:04:00] [main/INFO]: Found mod file fabric-rendering-fluids-v1-3.0.29+4ac5e37a77.jar of type MOD with provider net.minecraftforge.fml.loading.moddiscovery.JarInJarDependencyLocator@62d1dc3c
[16:04:00] [main/INFO]: Found mod file xaerolib-forge-1.20.1-1.0.45.jar of type MOD with provider net.minecraftforge.fml.loading.moddiscovery.JarInJarDependencyLocator@62d1dc3c
[16:04:00] [main/INFO]: Found mod file fabric-screen-handler-api-v1-1.3.33+561530ec77.jar of type MOD with provider net.minecraftforge.fml.loading.moddiscovery.JarInJarDependencyLocator@62d1dc3c
[16:04:00] [main/INFO]: Found mod file fabric-models-v0-0.4.3+7c3892a477.jar of type MOD with provider net.minecraftforge.fml.loading.moddiscovery.JarInJarDependencyLocator@62d1dc3c
[16:04:00] [main/INFO]: Found mod file fabric-resource-loader-v0-0.11.12+4b4151c077.jar of type MOD with provider net.minecraftforge.fml.loading.moddiscovery.JarInJarDependencyLocator@62d1dc3c
[16:04:00] [main/INFO]: Found mod file mclib-20.jar of type GAMELIBRARY with provider net.minecraftforge.fml.loading.moddiscovery.JarInJarDependencyLocator@62d1dc3c
[16:04:00] [main/INFO]: Found mod file snakeyaml-2.2.jar of type GAMELIBRARY with provider net.minecraftforge.fml.loading.moddiscovery.JarInJarDependencyLocator@62d1dc3c
[16:04:00] [main/INFO]: Found mod file TRender-1.0.10-1.20.1-forge-SNAPSHOT.jar of type MOD with provider net.minecraftforge.fml.loading.moddiscovery.JarInJarDependencyLocator@62d1dc3c
[16:04:00] [main/INFO]: Found mod file fabric-rendering-v1-3.0.9+66e9a48f77.jar of type MOD with provider net.minecraftforge.fml.loading.moddiscovery.JarInJarDependencyLocator@62d1dc3c
[16:04:00] [main/INFO]: Found mod file fabric-renderer-indigo-1.5.3+b5b2da4177.jar of type MOD with provider net.minecraftforge.fml.loading.moddiscovery.JarInJarDependencyLocator@62d1dc3c
[16:04:00] [main/INFO]: Found mod file vineflower-1.9.3.jar of type GAMELIBRARY with provider net.minecraftforge.fml.loading.moddiscovery.JarInJarDependencyLocator@62d1dc3c
[16:04:00] [main/INFO]: Found mod file fabric-convention-tags-v1-1.5.6+fa3d1c0177.jar of type MOD with provider net.minecraftforge.fml.loading.moddiscovery.JarInJarDependencyLocator@62d1dc3c
[16:04:00] [main/INFO]: Found mod file battery-2.0.0.jar of type GAMELIBRARY with provider net.minecraftforge.fml.loading.moddiscovery.JarInJarDependencyLocator@62d1dc3c
[16:04:00] [main/INFO]: Found mod file imageio-core-3.12.0.jar of type GAMELIBRARY with provider net.minecraftforge.fml.loading.moddiscovery.JarInJarDependencyLocator@62d1dc3c
[16:04:00] [main/INFO]: Found mod file fabric-mining-level-api-v1-2.1.52+561530ec77.jar of type MOD with provider net.minecraftforge.fml.loading.moddiscovery.JarInJarDependencyLocator@62d1dc3c
[16:04:00] [main/INFO]: Found mod file fabric-command-api-v1-1.2.35+f71b366f77.jar of type MOD with provider net.minecraftforge.fml.loading.moddiscovery.JarInJarDependencyLocator@62d1dc3c
[16:04:00] [main/INFO]: Found mod file fabric-block-view-api-v2-1.0.3+53347ba977.jar of type MOD with provider net.minecraftforge.fml.loading.moddiscovery.JarInJarDependencyLocator@62d1dc3c
[16:04:00] [main/INFO]: Found mod file fabric-command-api-v2-2.2.14+561530ec77.jar of type MOD with provider net.minecraftforge.fml.loading.moddiscovery.JarInJarDependencyLocator@62d1dc3c
[16:04:00] [main/INFO]: Found mod file fabric-data-attachment-api-v1-1.0.2+30ef839e77.jar of type MOD with provider net.minecraftforge.fml.loading.moddiscovery.JarInJarDependencyLocator@62d1dc3c
[16:04:00] [main/INFO]: Found mod file mixinextras-forge-0.2.0.jar of type GAMELIBRARY with provider net.minecraftforge.fml.loading.moddiscovery.JarInJarDependencyLocator@62d1dc3c
[16:04:00] [main/INFO]: Found mod file common-lang-3.12.0.jar of type GAMELIBRARY with provider net.minecraftforge.fml.loading.moddiscovery.JarInJarDependencyLocator@62d1dc3c
[16:04:00] [main/INFO]: Found mod file javaparser-symbol-solver-core-3.25.8.jar of type GAMELIBRARY with provider net.minecraftforge.fml.loading.moddiscovery.JarInJarDependencyLocator@62d1dc3c
[16:04:00] [main/INFO]: Found mod file jankson-1.2.3.jar of type GAMELIBRARY with provider net.minecraftforge.fml.loading.moddiscovery.JarInJarDependencyLocator@62d1dc3c
[16:04:00] [main/INFO]: Found mod file fabric-screen-api-v1-2.0.9+45a670a577.jar of type MOD with provider net.minecraftforge.fml.loading.moddiscovery.JarInJarDependencyLocator@62d1dc3c
[16:04:00] [main/INFO]: Found mod file animated-gif-lib-for-java-animated-gif-lib-1.7.jar of type GAMELIBRARY with provider net.minecraftforge.fml.loading.moddiscovery.JarInJarDependencyLocator@62d1dc3c
[16:04:00] [main/INFO]: Found mod file kfflib-4.12.0.jar of type GAMELIBRARY with provider net.minecraftforge.fml.loading.moddiscovery.JarInJarDependencyLocator@62d1dc3c
[16:04:00] [main/INFO]: Found mod file Connector-1.0.0-beta.47+1.20.1-fabricloader.jar of type LIBRARY with provider net.minecraftforge.fml.loading.moddiscovery.JarInJarDependencyLocator@62d1dc3c
[16:04:00] [main/INFO]: Found mod file fabric-particles-v1-1.1.3+78e1ecb877.jar of type MOD with provider net.minecraftforge.fml.loading.moddiscovery.JarInJarDependencyLocator@62d1dc3c
[16:04:00] [main/INFO]: Found mod file gson-0.2.1.jar of type GAMELIBRARY with provider net.minecraftforge.fml.loading.moddiscovery.JarInJarDependencyLocator@62d1dc3c
[16:04:00] [main/INFO]: Found mod file fabric-content-registries-v0-4.0.13+a670df1e77.jar of type MOD with provider net.minecraftforge.fml.loading.moddiscovery.JarInJarDependencyLocator@62d1dc3c
[16:04:00] [main/INFO]: Found mod file Reflect-1.3.4.jar of type GAMELIBRARY with provider net.minecraftforge.fml.loading.moddiscovery.JarInJarDependencyLocator@62d1dc3c
[16:04:00] [main/INFO]: Found mod file Java-WebSocket-1.5.6.jar of type GAMELIBRARY with provider net.minecraftforge.fml.loading.moddiscovery.JarInJarDependencyLocator@62d1dc3c
[16:04:00] [main/INFO]: Found mod file fabric-transitive-access-wideners-v1-4.3.2+1880499877.jar of type MOD with provider net.minecraftforge.fml.loading.moddiscovery.JarInJarDependencyLocator@62d1dc3c
[16:04:00] [main/INFO]: Found mod file NanoLiveConfig-1.2.1.jar of type GAMELIBRARY with provider net.minecraftforge.fml.loading.moddiscovery.JarInJarDependencyLocator@62d1dc3c
[16:04:00] [main/INFO]: Found mod file dragonlib-forge-1.20.1-2.2.24.jar of type MOD with provider net.minecraftforge.fml.loading.moddiscovery.JarInJarDependencyLocator@62d1dc3c
[16:04:00] [main/INFO]: Found mod file fabric-game-rule-api-v1-1.0.41+683d4da877.jar of type MOD with provider net.minecraftforge.fml.loading.moddiscovery.JarInJarDependencyLocator@62d1dc3c
[16:04:00] [main/INFO]: Found mod file fabric-api-base-0.4.32+ef105b4977.jar of type MOD with provider net.minecraftforge.fml.loading.moddiscovery.JarInJarDependencyLocator@62d1dc3c
[16:04:00] [main/INFO]: Found mod file runtime-1.0.0+1.20.1.jar of type GAMELIBRARY with provider net.minecraftforge.fml.loading.moddiscovery.JarInJarDependencyLocator@62d1dc3c
[16:04:00] [main/INFO]: Found mod file fabric-api-lookup-api-v1-1.6.37+67f9824077.jar of type MOD with provider net.minecraftforge.fml.loading.moddiscovery.JarInJarDependencyLocator@62d1dc3c
[16:04:00] [main/INFO]: Found mod file fabric-blockrenderlayer-v1-1.1.42+1d0da21e77.jar of type MOD with provider net.minecraftforge.fml.loading.moddiscovery.JarInJarDependencyLocator@62d1dc3c
[16:04:00] [main/INFO]: Found mod file mixinsquared-forge-0.3.6-beta.1.jar of type GAMELIBRARY with provider net.minecraftforge.fml.loading.moddiscovery.JarInJarDependencyLocator@62d1dc3c
[16:04:00] [main/INFO]: Found mod file mixinextras-forge-0.5.0.jar of type GAMELIBRARY with provider net.minecraftforge.fml.loading.moddiscovery.JarInJarDependencyLocator@62d1dc3c
[16:04:00] [main/INFO]: Found mod file common-io-3.12.0.jar of type GAMELIBRARY with provider net.minecraftforge.fml.loading.moddiscovery.JarInJarDependencyLocator@62d1dc3c
[16:04:00] [main/INFO]: Found mod file Registrate-MC1.20-1.3.3.jar of type GAMELIBRARY with provider net.minecraftforge.fml.loading.moddiscovery.JarInJarDependencyLocator@62d1dc3c
[16:04:00] [main/INFO]: Found mod file MixinSquared-0.3.6-beta.1.jar of type GAMELIBRARY with provider net.minecraftforge.fml.loading.moddiscovery.JarInJarDependencyLocator@62d1dc3c
[16:04:00] [main/INFO]: Found mod file json-0.2.1.jar of type GAMELIBRARY with provider net.minecraftforge.fml.loading.moddiscovery.JarInJarDependencyLocator@62d1dc3c
[16:04:00] [main/INFO]: Found mod file spectrelib-forge-0.13.17+1.20.1.jar of type MOD with provider net.minecraftforge.fml.loading.moddiscovery.JarInJarDependencyLocator@62d1dc3c
[16:04:00] [main/INFO]: Found mod file fabric-block-api-v1-1.0.12+0e6cb7f777.jar of type MOD with provider net.minecraftforge.fml.loading.moddiscovery.JarInJarDependencyLocator@62d1dc3c
[16:04:00] [main/INFO]: Found mod file fabric-resource-conditions-api-v1-2.3.9+996d00b277.jar of type MOD with provider net.minecraftforge.fml.loading.moddiscovery.JarInJarDependencyLocator@62d1dc3c
[16:04:00] [main/INFO]: Found mod file kffmod-4.12.0.jar of type MOD with provider net.minecraftforge.fml.loading.moddiscovery.JarInJarDependencyLocator@62d1dc3c
[16:04:00] [main/INFO]: Found mod file flywheel-forge-1.20.1-1.0.4.jar of type MOD with provider net.minecraftforge.fml.loading.moddiscovery.JarInJarDependencyLocator@62d1dc3c
[16:04:00] [main/INFO]: Found mod file bytecodecs-1.0.2.jar of type GAMELIBRARY with provider net.minecraftforge.fml.loading.moddiscovery.JarInJarDependencyLocator@62d1dc3c
[16:04:00] [main/INFO]: Found mod file fabric-item-group-api-v1-4.0.14+c9161c2d77.jar of type MOD with provider net.minecraftforge.fml.loading.moddiscovery.JarInJarDependencyLocator@62d1dc3c
[16:04:00] [main/INFO]: Found mod file common-image-3.12.0.jar of type GAMELIBRARY with provider net.minecraftforge.fml.loading.moddiscovery.JarInJarDependencyLocator@62d1dc3c
[16:04:00] [main/INFO]: Found mod file kfflang-4.12.0.jar of type LANGPROVIDER with provider net.minecraftforge.fml.loading.moddiscovery.JarInJarDependencyLocator@62d1dc3c
[16:04:00] [main/INFO]: Found mod file fabric-biome-api-v1-13.0.14+dc36698e77.jar of type MOD with provider net.minecraftforge.fml.loading.moddiscovery.JarInJarDependencyLocator@62d1dc3c
[16:04:00] [main/INFO]: Found mod file fabric-entity-events-v1-1.6.1+4ca7515277.jar of type MOD with provider net.minecraftforge.fml.loading.moddiscovery.JarInJarDependencyLocator@62d1dc3c
[16:04:00] [main/INFO]: Found mod file fabric-registry-sync-v0-2.3.6+1c0ea72177.jar of type MOD with provider net.minecraftforge.fml.loading.moddiscovery.JarInJarDependencyLocator@62d1dc3c
[16:04:00] [main/INFO]: Found mod file MathParser.org-mXparser-5.2.1.jar of type GAMELIBRARY with provider net.minecraftforge.fml.loading.moddiscovery.JarInJarDependencyLocator@62d1dc3c
[16:04:00] [main/INFO]: Found mod file ae2addonlib-1.0.3-1.20.1.jar of type MOD with provider net.minecraftforge.fml.loading.moddiscovery.JarInJarDependencyLocator@62d1dc3c
[16:04:00] [main/INFO]: Found mod file imageio-metadata-3.12.0.jar of type GAMELIBRARY with provider net.minecraftforge.fml.loading.moddiscovery.JarInJarDependencyLocator@62d1dc3c
[16:04:00] [main/INFO]: Found mod file fabric-recipe-api-v1-1.0.24+514a076577.jar of type MOD with provider net.minecraftforge.fml.loading.moddiscovery.JarInJarDependencyLocator@62d1dc3c
[16:04:00] [main/INFO]: Found mod file yabn-1.0.3.jar of type GAMELIBRARY with provider net.minecraftforge.fml.loading.moddiscovery.JarInJarDependencyLocator@62d1dc3c
[16:04:00] [main/INFO]: Found mod file fabric-loot-api-v2-1.2.3+eb28f93e77.jar of type MOD with provider net.minecraftforge.fml.loading.moddiscovery.JarInJarDependencyLocator@62d1dc3c
[16:04:00] [main/INFO]: Found mod file fabric-object-builder-api-v1-11.1.5+f8c414ce77.jar of type MOD with provider net.minecraftforge.fml.loading.moddiscovery.JarInJarDependencyLocator@62d1dc3c
[16:04:00] [main/INFO]: Found mod file TRansition-1.0.11-1.20.1-forge-SNAPSHOT.jar of type MOD with provider net.minecraftforge.fml.loading.moddiscovery.JarInJarDependencyLocator@62d1dc3c
[16:04:00] [main/INFO]: Found mod file fabric-rendering-data-attachment-v1-0.3.39+a6081afc77.jar of type MOD with provider net.minecraftforge.fml.loading.moddiscovery.JarInJarDependencyLocator@62d1dc3c
[16:04:00] [main/INFO]: Found mod file fabric-networking-api-v1-1.3.14+fb7c822677.jar of type MOD with provider net.minecraftforge.fml.loading.moddiscovery.JarInJarDependencyLocator@62d1dc3c
[16:04:00] [main/INFO]: Found mod file fabric-sound-api-v1-1.0.14+4f23bd8477.jar of type MOD with provider net.minecraftforge.fml.loading.moddiscovery.JarInJarDependencyLocator@62d1dc3c
[16:04:00] [main/INFO]: Found mod file fabric-message-api-v1-5.1.10+52cc178c77.jar of type MOD with provider net.minecraftforge.fml.loading.moddiscovery.JarInJarDependencyLocator@62d1dc3c
[16:04:00] [main/INFO]: Found mod file tomlkt-jvm-0.3.7.jar of type GAMELIBRARY with provider net.minecraftforge.fml.loading.moddiscovery.JarInJarDependencyLocator@62d1dc3c
[16:04:00] [main/INFO]: Found mod file fabric-lifecycle-events-v1-2.2.23+afab492177.jar of type MOD with provider net.minecraftforge.fml.loading.moddiscovery.JarInJarDependencyLocator@62d1dc3c
[16:04:00] [main/INFO]: Found mod file fabric-data-generation-api-v1-12.3.7+369cb3a477.jar of type MOD with provider net.minecraftforge.fml.loading.moddiscovery.JarInJarDependencyLocator@62d1dc3c
[16:04:00] [main/INFO]: Found mod file fabric-events-interaction-v0-0.6.5+0f26153f77.jar of type MOD with provider net.minecraftforge.fml.loading.moddiscovery.JarInJarDependencyLocator@62d1dc3c
[16:04:00] [main/INFO]: Found mod file fabric-key-binding-api-v1-1.0.38+561530ec77.jar of type MOD with provider net.minecraftforge.fml.loading.moddiscovery.JarInJarDependencyLocator@62d1dc3c
[16:04:00] [main/INFO]: Found mod file japng-0.5.3.jar of type GAMELIBRARY with provider net.minecraftforge.fml.loading.moddiscovery.JarInJarDependencyLocator@62d1dc3c
[16:04:00] [main/INFO]: Found mod file fabric-client-tags-api-v1-1.1.3+5d6761b877.jar of type MOD with provider net.minecraftforge.fml.loading.moddiscovery.JarInJarDependencyLocator@62d1dc3c
[16:04:01] [main/INFO]: Fabric mod metadata not found in jar thedarkcolour.kotlinforforge, ignoring
[16:04:02] [main/INFO]: Dependency resolution found 4 candidates to load
[16:04:04] [main/INFO]: Found mod file bclib-3.0.14_mapped_srg_1.20.1.jar of type MOD with provider org.sinytra.connector.locator.ConnectorLocator@48cd319d
[16:04:04] [main/INFO]: Found mod file better-nether-9.0.10_mapped_srg_1.20.1.jar of type MOD with provider org.sinytra.connector.locator.ConnectorLocator@48cd319d
[16:04:04] [main/INFO]: Found mod file mob-ai-tweaks-1.9.5-1.20.1_mapped_srg_1.20.1.jar of type MOD with provider org.sinytra.connector.locator.ConnectorLocator@48cd319d
[16:04:04] [main/INFO]: Found mod file bclib-3.0.14$wunderlib-1.1.5_mapped_srg_1.20.1.jar of type MOD with provider org.sinytra.connector.locator.ConnectorLocator@48cd319d
[16:04:05] [main/INFO]: Successfully made module authlib transformable
[16:04:09] [main/INFO]: Compatibility level set to JAVA_17
[16:04:10] [main/INFO]: Successfully loaded Mixin Connector [de.erdbeerbaerlp.dcintegration.forge.DCMixinConnector]
[16:04:10] [main/INFO]: Launching target 'forgeclient' with arguments [--version, forge-47.4.10, --gameDir, C:\Users\Philipp\curseforge\minecraft\Instances\Test-el3, --assetsDir, C:\Users\Philipp\curseforge\minecraft\Install\assets, --uuid, 2fb773a4b48b46ab95391fa4228635ac, --username, ERROR__405, --assetIndex, 5, --accessToken, ????????, --clientId, ee3297-10051cc-805628-a1703e-58cd15, --xuid, 2535463454478930, --userType, msa, --versionType, release, --width, 1024, --height, 768, --quickPlayPath, C:\Users\Philipp\curseforge\minecraft\Quickplay\5093b493-af5c-4be2-aff5-2bf5aea67996.json]
[16:04:10] [main/INFO]: Loaded configuration file for ModernFix 5.25.2+mc1.20.1: 98 options available, 0 override(s) found
[16:04:10] [main/INFO]: Applying Nashorn fix
[16:04:10] [main/INFO]: Applied Forge config corruption patch
[16:04:10] [main/INFO]: Configuring Minecraft's max.bg.threads option with 5 threads
[16:04:10] [main/INFO]: Loaded configuration file for Embeddium: 334 options available, 0 override(s) found
[16:04:10] [main/INFO]: Searching for graphics cards...
[16:04:11] [main/INFO]: Found graphics card: GraphicsAdapterInfo[vendor=AMD, name=AMD Radeon(TM) Graphics, version=DriverVersion=31.0.21923.11000]
[16:04:11] [main/WARN]: Reference map 'sdmgamestageshelper.refmap.json' for sdmgamestageshelper.mixins.json could not be read. If this is a development environment you can ignore this message
[16:04:11] [main/INFO]: Loaded configuration file for Radium: 125 options available, 2 override(s) found
[16:04:11] [main/WARN]: Draconic Evolution mod detected. Force disabling HUD Batching optimization.
[16:04:11] [main/WARN]: Reference map 'corpsecurioscompat.refmap.json' for gravestonecurioscompat.mixins.json could not be read. If this is a development environment you can ignore this message
[16:04:12] [main/WARN]: Reference map 'createframed.refmap.json' for createframed.mixins.json could not be read. If this is a development environment you can ignore this message
[16:04:12] [main/WARN]: Reference map 'CerbonsAPI-Forge-1.20.1-forge-refmap.json' for cerbons_api.mixins.json could not be read. If this is a development environment you can ignore this message
[16:04:12] [main/WARN]: Reference map 'emi-letsdo-compat-common-refmap.json' for emi_letsdo_compat-common.mixins.json could not be read. If this is a development environment you can ignore this message
[16:04:12] [main/WARN]: Reference map 'mixins.kleiders_custom_renderer.refmap.json' for mixins.kleiders_custom_renderer.json could not be read. If this is a development environment you can ignore this message
[16:04:12] [main/WARN]: Reference map 'limitedchunks.refmap.json' for limitedchunks.mixins.json could not be read. If this is a development environment you can ignore this message
[16:04:12] [main/WARN]: Reference map 'Create-The_Factory_Must_Grow.refmap.json' for tfmg.mixins.json could not be read. If this is a development environment you can ignore this message
[16:04:12] [main/WARN]: Reference map 'nethervinery-common-refmap.json' for nethervinery-common.mixins.json could not be read. If this is a development environment you can ignore this message
[16:04:12] [main/WARN]: Reference map 'probejs-forge-refmap.json' for probejs.mixins.json could not be read. If this is a development environment you can ignore this message
[16:04:12] [main/WARN]: Reference map 'coroutil.refmap.json' for coroutil.mixins.json could not be read. If this is a development environment you can ignore this message
[16:04:12] [main/WARN]: Reference map 'pattern_schematics-common-refmap.json' for pattern_schematics.common.mixins.json could not be read. If this is a development environment you can ignore this message
[16:04:12] [main/WARN]: Reference map '' for adapter.init.mixins.json could not be read. If this is a development environment you can ignore this message
[16:04:12] [main/INFO]: Patching FishingHook#catchingFish
[16:04:13] [main/INFO]: Patching IForgeItemStack#getEnchantmentLevel
[16:04:13] [main/INFO]: Patching IForgeItemStack#getEnchantmentLevel
[16:04:13] [main/INFO]: Replaced 2 calls to Enchantment#getMaxLevel() in net/minecraft/world/inventory/AnvilMenu
[16:04:13] [main/INFO]: Patching IForgeItemStack#getEnchantmentLevel
[16:04:13] [main/INFO]: Patching IForgeItemStack#getEnchantmentLevel
[16:04:13] [main/WARN]: Error loading class: com/hollingsworth/arsnouveau/common/items/SpellCrossbow (java.lang.ClassNotFoundException: com.hollingsworth.arsnouveau.common.items.SpellCrossbow)
[16:04:13] [main/WARN]: Error loading class: com/ultramega/showcaseitem/ShowcaseItemFeature (java.lang.ClassNotFoundException: com.ultramega.showcaseitem.ShowcaseItemFeature)
[16:04:14] [main/WARN]: Force-disabling mixin 'alloc.blockstate.StateMixin' as option 'mixin.alloc.blockstate' (added by mods [ferritecore]) disables it and children
[16:04:14] [main/WARN]: Error loading class: xfacthd/framedblocks/common/blockentity/doubled/FramedAdjustableDoubleBlockEntity (java.lang.ClassNotFoundException: xfacthd.framedblocks.common.blockentity.doubled.FramedAdjustableDoubleBlockEntity)
[16:04:14] [main/WARN]: @Mixin target xfacthd.framedblocks.common.blockentity.doubled.FramedAdjustableDoubleBlockEntity was not found createbigcannons.mixins.json:compat.FramedAdjustableDoubleBlockEntityAccessor from mod createbigcannons
[16:04:14] [main/INFO]: Class dev.uncandango.alltheleaks.leaks.common.mods.zeta.Issue69 will be loaded as it matches versions: 1.0-31 in [1.0-19,)
[16:04:14] [main/INFO]: Mixins added to allowed list: [main.RecipeCrawlHandlerMixin]
[16:04:14] [main/INFO]: Class dev.uncandango.alltheleaks.leaks.common.mods.spark.Issue447 will be loaded as it matches versions: 1.10.53 in *
[16:04:14] [main/INFO]: Mixins added to allowed list: [main.ForgeServerSparkPluginMixin]
[16:04:14] [main/INFO]: Class dev.uncandango.alltheleaks.leaks.common.mods.moonlight.UntrackedIssue001 will be loaded as it matches versions: 1.20-2.16.21 in [1.20-2.13.32,)
[16:04:14] [main/INFO]: Mixins added to allowed list: [main.FakeLevelManagerMixin]
[16:04:14] [main/INFO]: Class dev.uncandango.alltheleaks.leaks.common.mods.minecraft.UntrackedIssue002 will be loaded as it matches versions: 1.20.1 in 1.20.1
[16:04:14] [main/INFO]: Mixins added to allowed list: [main.EntityTickListMixin]
[16:04:14] [main/INFO]: Class dev.uncandango.alltheleaks.leaks.common.mods.minecraft.UntrackedIssue001 will be loaded as it matches versions: 1.20.1 in 1.20.1
[16:04:14] [main/INFO]: Class dev.uncandango.alltheleaks.leaks.common.mods.forge.UntrackedIssue002 will be loaded as it matches versions: 47.4.10 in [47.2,)
[16:04:14] [main/INFO]: Mixins added to allowed list: [accessor.FakePlayerNetHandlerAccessor, accessor.ConnectionAccessor]
[16:04:14] [main/INFO]: Class dev.uncandango.alltheleaks.leaks.common.mods.forge.UntrackedIssue001 will be loaded as it matches versions: 47.4.10 in [47.2,)
[16:04:14] [main/INFO]: Mixins added to allowed list: [main.ServerPlayerMixin, main.PlayerListMixin, accessor.PlayerAdvancementsAccessor]
[16:04:14] [main/INFO]: Class dev.uncandango.alltheleaks.leaks.common.mods.forge.Issue39 will be loaded as it matches versions: 47.4.10 in [47.2,)
[16:04:14] [main/INFO]: Class dev.uncandango.alltheleaks.leaks.common.mods.forge.Issue10684 will be loaded as it matches versions: 47.4.10 in *
[16:04:14] [main/INFO]: Class dev.uncandango.alltheleaks.leaks.common.mods.curios.UntrackedIssue001 will be loaded as it matches versions: 5.14.1+1.20.1 in [5.9.1,)
[16:04:14] [main/INFO]: Mixins added to allowed list: [main.CuriosEventHandlerMixin]
[16:04:14] [main/INFO]: Class dev.uncandango.alltheleaks.leaks.common.mods.create.UntrackedIssue001 will be loaded as it matches versions: 6.0.6 in [0.5.1.c,)
[16:04:14] [main/INFO]: Mixins added to allowed list: [accessor.ExtendoGripItemAccessor]
[16:04:14] [main/INFO]: Class dev.uncandango.alltheleaks.leaks.common.mods.architectury.UntrackedIssue001 will be loaded as it matches versions: 9.2.14 in [9.0.8,)
[16:04:14] [main/INFO]: Class dev.uncandango.alltheleaks.leaks.client.mods.xaerominimap.UntrackedIssue001 will be loaded as it matches versions: 25.3.5 in *
[16:04:14] [main/INFO]: Class dev.uncandango.alltheleaks.leaks.client.mods.watut.UntrackedIssue001 will be loaded as it matches versions: 1.20.1-1.2.3 in *
[16:04:14] [main/INFO]: Class dev.uncandango.alltheleaks.leaks.client.mods.minecraft.UntrackedIssue001 will be loaded as it matches versions: 1.20.1 in 1.20.1
[16:04:14] [main/INFO]: Mixins added to allowed list: [main.ATLItemStackMixin, main.MinecraftMixin, main.SynchedEntityDataMixin]
[16:04:14] [main/INFO]: Class dev.uncandango.alltheleaks.leaks.client.mods.jei.UntrackedIssue001 will be loaded as it matches versions: 15.20.0.112 in [15.8.2.24,)
[16:04:14] [main/INFO]: Mixins added to allowed list: [main.RecipeTransferButtonMixin, main.LazySortedRecipeLayoutListMixin]
[16:04:14] [main/INFO]: Class dev.uncandango.alltheleaks.leaks.client.mods.iceberg.UntrackedIssue003 will be loaded as it matches versions: 1.1.25 in [1.1.25,)
[16:04:14] [main/INFO]: Class dev.uncandango.alltheleaks.leaks.client.mods.iceberg.UntrackedIssue002 will be loaded as it matches versions: 1.1.25 in [1.1.10,)
[16:04:14] [main/INFO]: Class dev.uncandango.alltheleaks.leaks.client.mods.iceberg.UntrackedIssue001 will be loaded as it matches versions: 1.1.25 in [1.1.10,)
[16:04:14] [main/INFO]: Class dev.uncandango.alltheleaks.leaks.client.mods.geckolib.UntrackedIssue001 will be loaded as it matches versions: 4.8.2 in [4.4.8,)
[16:04:14] [main/INFO]: Mixins added to allowed list: [main.GeoModelMixin, main.GeoArmorRendererMixin]
[16:04:14] [main/INFO]: Class dev.uncandango.alltheleaks.leaks.client.mods.ftblibrary.UntrackedIssue001 will be loaded as it matches versions: 2001.2.12 in [2001.2.2,)
[16:04:14] [main/INFO]: Mixins added to allowed list: [accessor.BaseScreenAccessor]
[16:04:14] [main/INFO]: Class dev.uncandango.alltheleaks.leaks.client.mods.entity_texture_features.UntrackedIssue002 will be loaded as it matches versions: 7.0.8 in [7.0.0,)
[16:04:14] [main/INFO]: Class dev.uncandango.alltheleaks.leaks.client.mods.entity_model_features.UntrackedIssue002 will be loaded as it matches versions: 3.0.10 in [3.0.0,)
[16:04:14] [main/INFO]: Class dev.uncandango.alltheleaks.leaks.client.mods.emi_loot.UntrackedIssue001 will be loaded as it matches versions: 0.7.9+1.20.1+forge in [0.6.5,)
[16:04:14] [main/INFO]: Mixins added to allowed list: [main.EmiLootEntityEmiStackMixin]
[16:04:14] [main/INFO]: Class dev.uncandango.alltheleaks.leaks.client.mods.emi.UntrackedIssue001 will be loaded as it matches versions: 1.1.22+1.20.1+forge in [1.0.21,)
[16:04:14] [main/INFO]: Class dev.uncandango.alltheleaks.leaks.client.mods.easy_villagers.UntrackedIssue001 will be loaded as it matches versions: 1.20.1-1.1.23 in [1.20.1-1.1.4,)
[16:04:14] [main/INFO]: Mixins added to allowed list: [accessor.VillagerItemAccessor, main.ConverterRendererMixin, main.IronFarmRendererMixin]
[16:04:14] [main/INFO]: Class dev.uncandango.alltheleaks.fix.common.mods.zeta.FixCopyStack will be loaded as it matches versions: 1.0-31 in *
[16:04:14] [main/INFO]: Mixins added to allowed list: [main.StackFixRecipeCrawlHandlerMixin]
[16:04:14] [main/INFO]: Class dev.uncandango.alltheleaks.fix.common.mods.modernfix.CancelRLMixin will be loaded as it matches versions: 5.25.2+mc1.20.1 in [5.0.0,)
[16:04:14] [main/INFO]: Mixins added to cancel list: [org.embeddedt.modernfix.common.mixin.perf.deduplicate_location.MixinResourceLocation]
[16:04:14] [main/INFO]: Class dev.uncandango.alltheleaks.fix.common.mods.kubejs.FixItemStackModification will be loaded as it matches versions: 2001.6.5-build.16 in *
[16:04:14] [main/INFO]: Mixins added to allowed list: [main.IngredientKJSMixin]
[16:04:14] [main/INFO]: Class dev.uncandango.alltheleaks.fix.common.mods.jei.FixItemStackCopy will be loaded as it matches versions: 15.20.0.112 in *
[16:04:14] [main/INFO]: Mixins added to allowed list: [main.SmithingCategoryExtensionMixin, main.NormalizedTypedItemStackMixin, main.IngredientSetMixin]
[16:04:14] [main/INFO]: Class dev.uncandango.alltheleaks.feature.common.mods.minecraft.MemoryMonitor will be loaded as it matches versions: 1.20.1 in 1.20.1
[16:04:14] [main/INFO]: Mixins added to allowed list: [main.PlayerMixin, main.ChunkAccessMixin, main.LevelMixin, main.MinecraftServerMixin]
[16:04:14] [main/INFO]: Class dev.uncandango.alltheleaks.feature.common.mods.minecraft.ClearLeakedLevelChunks will be loaded as it matches versions: 1.20.1 in 1.20.1
[16:04:14] [main/INFO]: Mixins added to allowed list: [accessor.LevelAccessor, main.RebindableTickingBlockEntityWrapperMixin, accessor.LevelChunkAccessor]
[16:04:14] [main/WARN]: Error loading class: fzzyhmstrs/emi_loot/util/EntityEmiStack (java.lang.ClassNotFoundException: fzzyhmstrs.emi_loot.util.EntityEmiStack)
[16:04:14] [main/WARN]: @Mixin target fzzyhmstrs.emi_loot.util.EntityEmiStack was not found alltheleaks.mixins.json:main.EmiLootEntityEmiStackMixin from mod alltheleaks
[16:04:14] [main/INFO]: Loading mixin com.lucasmellof.antiportals.mixins.mods.endrem.MixinEREnderEye
[16:04:14] [main/INFO]: Mixin com.lucasmellof.antiportals.mixins.mods.endrem.MixinEREnderEye not loaded, skipping... mod id: endrem
[16:04:14] [main/INFO]: Patching EffectRenderingInventoryScreen#renderEffects
[16:04:15] [main/INFO]: Replaced 2 calls to Enchantment#getMaxLevel() in net/minecraft/world/item/CreativeModeTabs
[16:04:15] [main/WARN]: Error loading class: me/jellysquid/mods/lithium/common/ai/pathing/PathNodeDefaults (java.lang.ClassNotFoundException: me.jellysquid.mods.lithium.common.ai.pathing.PathNodeDefaults)
[16:04:15] [main/WARN]: Error loading class: me/jellysquid/mods/lithium/common/ai/pathing/PathNodeDefaults (java.lang.ClassNotFoundException: me.jellysquid.mods.lithium.common.ai.pathing.PathNodeDefaults)
[16:04:16] [main/WARN]: Error loading class: mezz/modnametooltip/TooltipEventHandler (java.lang.ClassNotFoundException: mezz.modnametooltip.TooltipEventHandler)
[16:04:16] [main/WARN]: Error loading class: me/shedaniel/rei/impl/client/ClientHelperImpl (java.lang.ClassNotFoundException: me.shedaniel.rei.impl.client.ClientHelperImpl)
[16:04:16] [main/WARN]: Error loading class: com/simibubi/create/foundation/ponder/PonderWorld (java.lang.ClassNotFoundException: com.simibubi.create.foundation.ponder.PonderWorld)
[16:04:16] [main/WARN]: Error loading class: blusunrize/immersiveengineering/api/wires/GlobalWireNetwork (java.lang.ClassNotFoundException: blusunrize.immersiveengineering.api.wires.GlobalWireNetwork)
[16:04:16] [main/WARN]: @Mixin target blusunrize.immersiveengineering.api.wires.GlobalWireNetwork was not found mixins.epp.json:MixinGlobalWireNetwork from mod expatternprovider
[16:04:16] [main/INFO]: Replaced 1 calls to Enchantment#getMaxLevel() in net/minecraft/world/entity/npc/VillagerTrades$EnchantBookForEmeralds
[16:04:16] [main/INFO]: Replaced 1 calls to Enchantment#isTreasureOnly() in net/minecraft/world/entity/npc/VillagerTrades$EnchantBookForEmeralds
[16:04:16] [main/INFO]: Replaced 1 calls to Enchantment#isTradeable() in net/minecraft/world/entity/npc/VillagerTrades$EnchantBookForEmeralds
[16:04:16] [main/INFO]: Replaced 1 calls to Enchantment#getMaxLevel() in net/minecraft/world/level/storage/loot/functions/EnchantRandomlyFunction
[16:04:16] [main/INFO]: Replaced 1 calls to Enchantment#isDiscoverable() in net/minecraft/world/level/storage/loot/functions/EnchantRandomlyFunction
[16:04:16] [main/WARN]: Error loading class: com/drmangotea/tfmg/blocks/machines/metal_processing/blast_furnace/BlastFurnaceOutputBlockEntity (java.lang.ClassNotFoundException: com.drmangotea.tfmg.blocks.machines.metal_processing.blast_furnace.BlastFurnaceOutputBlockEntity)
[16:04:16] [main/WARN]: Error loading class: journeymap/client/ui/fullscreen/Fullscreen (java.lang.ClassNotFoundException: journeymap.client.ui.fullscreen.Fullscreen)
[16:04:16] [main/WARN]: @Mixin target journeymap.client.ui.fullscreen.Fullscreen was not found create.mixins.json:compat.JourneyFullscreenMapMixin from mod create
[16:04:17] [main/WARN]: Error loading class: org/jetbrains/annotations/ApiStatus$Internal (java.lang.ClassNotFoundException: org.jetbrains.annotations.ApiStatus$Internal)
[16:04:17] [main/INFO]: Initializing MixinExtras via com.llamalad7.mixinextras.service.MixinExtrasServiceImpl(version=0.5.0).
[16:04:18] [main/WARN]: Static binding violation: PRIVATE @Overwrite method m_216202_ in modernfix-forge.mixins.json:perf.tag_id_caching.TagOrElementLocationMixin from mod modernfix cannot reduce visibiliy of PUBLIC target method, visibility will be upgraded.
[16:04:20] [main/INFO]: Patching EffectRenderingInventoryScreen#renderEffects
[16:04:21] [main/INFO]: BeforeConstant is searching for constants in method with descriptor (Lnet/minecraft/network/chat/Component;Z)V
[16:04:21] [main/INFO]:   BeforeConstant found INTEGER constant: value = 0, intValue = null
[16:04:21] [main/INFO]:     BeforeConstant found a matching constant TYPE at ordinal 0
[16:04:21] [main/INFO]:       BeforeConstant found Insn [ICONST_0] 
[16:04:21] [main/INFO]:   BeforeConstant found INTEGER constant: value = 60, intValue = null
[16:04:21] [main/INFO]:     BeforeConstant found a matching constant TYPE at ordinal 1
[16:04:21] [main/INFO]:       BeforeConstant found IntInsn 60
[16:04:21] [pool-4-thread-1/INFO]: ModernFix reached bootstrap stage (42.85 s after launch)
[16:04:21] [pool-4-thread-1/WARN]: @Final field delegatesByName:Ljava/util/Map; in modernfix-forge.mixins.json:perf.forge_registry_alloc.ForgeRegistryMixin from mod modernfix should be final
[16:04:21] [pool-4-thread-1/WARN]: @Final field delegatesByValue:Ljava/util/Map; in modernfix-forge.mixins.json:perf.forge_registry_alloc.ForgeRegistryMixin from mod modernfix should be final
[16:04:21] [pool-4-thread-1/INFO]: Injecting BlockStateBase cache population hook into getNeighborPathNodeType from me.jellysquid.mods.lithium.mixin.ai.pathing.AbstractBlockStateMixin
[16:04:21] [pool-4-thread-1/INFO]: Injecting BlockStateBase cache population hook into getPathNodeType from me.jellysquid.mods.lithium.mixin.ai.pathing.AbstractBlockStateMixin
[16:04:21] [pool-4-thread-1/INFO]: Injecting BlockStateBase cache population hook into getAllFlags from me.jellysquid.mods.lithium.mixin.util.block_tracking.AbstractBlockStateMixin
[16:04:22] [pool-4-thread-1/INFO]: Replaced 2 calls to Enchantment#getMaxLevel() in net/minecraft/world/item/CreativeModeTabs
[16:04:22] [pool-4-thread-1/INFO]: Replaced 1 calls to Enchantment#getMaxLevel() in org/violetmoon/quark/content/experimental/module/GameNerfsModule
[16:04:23] [pool-4-thread-1/INFO]: Replaced 5 calls to Enchantment#getMaxLevel() in org/violetmoon/quark/content/tools/module/AncientTomesModule
[16:04:23] [pool-4-thread-1/INFO]: Patching IForgeItemStack#getEnchantmentLevel
[16:04:23] [pool-4-thread-1/INFO]: Patching IForgeItemStack#getEnchantmentLevel
[16:04:23] [pool-4-thread-1/INFO]: Vanilla bootstrap took 2446 milliseconds
[16:04:25] [pool-4-thread-1/INFO]: Replaced 2 calls to Enchantment#getMaxLevel() in net/minecraft/world/inventory/AnvilMenu
[16:04:28] [pool-4-thread-1/WARN]: Method overwrite conflict for m_8119_ in amendments-common.mixins.json:DragonFireballMixin from mod amendments, previously written by com.notunanancyowen.mixin.DragonFireballEntityMixin. Skipping method.
[16:04:28] [pool-4-thread-1/WARN]: Method overwrite conflict for m_7380_ in supplementaries-common.mixins.json:ZombieHorseMixin from mod supplementaries, previously written by com.notunanancyowen.mixin.ZombieHorseEntityMixin. Skipping method.
[16:04:28] [pool-4-thread-1/WARN]: Method overwrite conflict for m_7378_ in supplementaries-common.mixins.json:ZombieHorseMixin from mod supplementaries, previously written by com.notunanancyowen.mixin.ZombieHorseEntityMixin. Skipping method.
[16:04:29] [pool-4-thread-1/INFO]: Patching FishingHook#catchingFish
[16:04:30] [pool-4-thread-1/INFO]: Replaced 1 calls to Enchantment#getMaxLevel() in net/minecraft/world/level/storage/loot/functions/EnchantRandomlyFunction
[16:04:30] [pool-4-thread-1/INFO]: Replaced 1 calls to Enchantment#isDiscoverable() in net/minecraft/world/level/storage/loot/functions/EnchantRandomlyFunction
[16:04:30] [pool-4-thread-1/WARN]: Static binding violation: PRIVATE @Overwrite method m_47505_ in modernfix-common.mixins.json:perf.remove_biome_temperature_cache.BiomeMixin from mod modernfix cannot reduce visibiliy of PUBLIC target method, visibility will be upgraded.
[16:04:30] [pool-4-thread-1/WARN]: Method overwrite conflict for m_47505_ in lithium.mixins.json:world.temperature_cache.BiomeMixin from mod radium, previously written by org.embeddedt.modernfix.common.mixin.perf.remove_biome_temperature_cache.BiomeMixin. Skipping method.
[16:04:31] [pool-4-thread-1/WARN]: Unable to find class com.simibubi.create.foundation.ponder.PonderWorld. Integration with PonderJS disabled.
[16:04:31] [main/INFO]: mixins.codechickenlib.json:ShaderInstanceMixin from mod codechickenlib->@Invoker[METHOD_PROXY]::callGetOrCreate(Lnet/minecraft/server/packs/resources/ResourceProvider;Lcom/mojang/blaze3d/shaders/Program$Type;Ljava/lang/String;)Lcom/mojang/blaze3d/shaders/Program; should be static as its target is
[16:04:32] [Render thread/WARN]: Assets URL 'union:/C:/Users/Philipp/curseforge/minecraft/Install/libraries/net/minecraft/client/1.20.1-20230612.114412/client-1.20.1-20230612.114412-srg.jar%23622!/assets/.mcassetsroot' uses unexpected schema
[16:04:32] [Render thread/WARN]: Assets URL 'union:/C:/Users/Philipp/curseforge/minecraft/Install/libraries/net/minecraft/client/1.20.1-20230612.114412/client-1.20.1-20230612.114412-srg.jar%23622!/data/.mcassetsroot' uses unexpected schema
[16:04:32] [Render thread/INFO]: Environment: authHost='https://authserver.mojang.com', accountsHost='https://api.mojang.com', sessionHost='https://sessionserver.mojang.com', servicesHost='https://api.minecraftservices.com', name='PROD'
[16:04:32] [Render thread/INFO]: Setting user: ERROR__405
[16:04:32] [Render thread/INFO]: Bypassed Mojang DFU
[16:04:32] [Render thread/INFO]: [betternether] =^..^=    BetterNether for 1.20    =^..^=
[16:04:32] [Render thread/INFO]: [bclib] Added Config betternether.main to auto sync (file hash)
[16:04:32] [Render thread/INFO]: [bclib] Added Config betternether.generator to auto sync (file hash)
[16:04:32] [Render thread/INFO]: [bclib] Added Config betternether.blocks to auto sync (file hash)
[16:04:32] [Render thread/INFO]: [bclib] Added Config betternether.items to auto sync (file hash)
[16:04:32] [Render thread/INFO]: [bclib] Added Config betternether.biomes to auto sync (file hash)
[16:04:32] [Render thread/INFO]: [bclib] Added Config betternether.mobs to auto sync (file hash)
[16:04:32] [Render thread/INFO]: [bclib] Added Config betternether.recipes to auto sync (file hash)
[16:04:32] [Render thread/WARN]: Static binding violation: PRIVATE @Overwrite method m_215924_ in modernfix-forge.mixins.json:perf.tag_id_caching.TagEntryMixin from mod modernfix cannot reduce visibiliy of PUBLIC target method, visibility will be upgraded.
[16:04:33] [Render thread/WARN]: [bclib] Recipe betternether:bone_block_bone_button only takes in a single item and should be shapeless
[16:04:34] [Render thread/INFO]: [bclib] Added Config bclib.generator to auto sync (file hash)
[16:04:34] [Render thread/INFO]: [bclib] Added Config bclib.main to auto sync (content diff)
[16:04:34] [Render thread/INFO]: [bclib] Added Config bclib.biomes to auto sync (file hash)
[16:04:34] [Render thread/WARN]: @Inject(@At("INVOKE")) Shift.BY=5 on attributeslib.mixins.json:client.ClientPacketListenerMixin from mod attributeslib::handler$bgg000$attributeslib$apoth_postAttrChangedEvent exceeds the maximum allowed value: 0. Increase the value of maxShiftBy to suppress this warning.
[16:04:34] [Render thread/INFO]: BeforeConstant is searching for constants in method with descriptor (Lnet/minecraft/network/chat/Component;Lnet/minecraft/client/GuiMessageTag;)V
[16:04:34] [Render thread/INFO]:   BeforeConstant found STRING constant: value = , stringValue = null
[16:04:34] [Render thread/INFO]:     BeforeConstant found a matching constant TYPE at ordinal 0
[16:04:34] [Render thread/INFO]:       BeforeConstant found LdcInsn 
[16:04:34] [Render thread/INFO]:   BeforeConstant found STRING constant: value = \\r, stringValue = null
[16:04:34] [Render thread/INFO]:     BeforeConstant found a matching constant TYPE at ordinal 1
[16:04:34] [Render thread/INFO]:       BeforeConstant found LdcInsn \\r
[16:04:34] [Render thread/INFO]:   BeforeConstant found STRING constant: value = 
, stringValue = null
[16:04:34] [Render thread/INFO]:     BeforeConstant found a matching constant TYPE at ordinal 2
[16:04:34] [Render thread/INFO]:       BeforeConstant found LdcInsn 

[16:04:34] [Render thread/INFO]:   BeforeConstant found STRING constant: value = \\n, stringValue = null
[16:04:34] [Render thread/INFO]:     BeforeConstant found a matching constant TYPE at ordinal 3
[16:04:34] [Render thread/INFO]:       BeforeConstant found LdcInsn \\n
[16:04:34] [Render thread/INFO]:   BeforeConstant found CLASS constant: value = Ljava/lang/String;, typeValue = null
[16:04:34] [Render thread/INFO]:   BeforeConstant found STRING constant: value = [{}] [CHAT] {}, stringValue = null
[16:04:34] [Render thread/INFO]:     BeforeConstant found a matching constant TYPE at ordinal 4
[16:04:34] [Render thread/INFO]:       BeforeConstant found LdcInsn [{}] [CHAT] {}
[16:04:34] [Render thread/INFO]:   BeforeConstant found STRING constant: value = [CHAT] {}, stringValue = null
[16:04:34] [Render thread/INFO]:     BeforeConstant found a matching constant TYPE at ordinal 5
[16:04:34] [Render thread/INFO]:       BeforeConstant found LdcInsn [CHAT] {}
[16:04:35] [Render thread/INFO]: Instantiating Mojang DFU
[16:04:35] [Render thread/INFO]: Added resource packs: []
[16:04:35] [Render thread/INFO]: Backend library: LWJGL version 3.3.1 build 7
[16:04:35] [Render thread/INFO]: Loaded client.properties
[16:04:35] [Datafixer Bootstrap/INFO]: 188 Datafixer optimizations took 213 milliseconds
[16:04:35] [Render thread/INFO]: OpenGL Vendor: ATI Technologies Inc.
[16:04:35] [Render thread/INFO]: OpenGL Renderer: AMD Radeon(TM) Graphics
[16:04:35] [Render thread/INFO]: OpenGL Version: 4.6.0 Core Profile Context 25.8.1.250617
[16:04:36] [Render thread/INFO]: Initializing ImmediatelyFast 1.5.3+1.20.4 on AMD Radeon(TM) Graphics (ATI Technologies Inc.) with OpenGL 4.6.0 Core Profile Context 25.8.1.250617
[16:04:37] [modloading-worker-0/INFO]: Hello 1.20.1 Create!
[16:04:37] [modloading-worker-0/INFO]: Version is 3.0.7.1
[16:04:38] [modloading-worker-0/ERROR]: This mod cannot be used client-side
[16:04:38] [modloading-worker-0/INFO]: [Indigo] Registering Indigo renderer!
[16:04:38] [modloading-worker-0/INFO]: Forge mod loading, version 47.4.10, for MC 1.20.1 with MCP 20230612.114412
[16:04:38] [modloading-worker-0/INFO]: MinecraftForge v47.4.10 Initialized
[16:04:38] [modloading-worker-0/INFO]: [DRIPPY LOADING SCREEN] Loading v3.1.0 in client-side mode on FORGE!
[16:04:39] [modloading-worker-0/INFO]: Registering S2C receiver with id architectury:sync_ids
[16:04:39] [modloading-worker-0/INFO]: Registering C2S receiver with id architectury:sync_ids
[16:04:39] [modloading-worker-0/INFO]: Registering C2S receiver with id createrailwaysnavigator:crn_network/24de284ed1a534cfb2664200bfb3b1e3
[16:04:39] [modloading-worker-0/INFO]: Registering S2C receiver with id createrailwaysnavigator:crn_network/24de284ed1a534cfb2664200bfb3b1e3
[16:04:39] [modloading-worker-0/INFO]: Registering C2S receiver with id createrailwaysnavigator:crn_network/b977ce0284d33fc79f13f0af88be87d7
[16:04:39] [modloading-worker-0/INFO]: Registering S2C receiver with id createrailwaysnavigator:crn_network/b977ce0284d33fc79f13f0af88be87d7
[16:04:40] [modloading-worker-0/INFO]: Found Embeddium Options API support. Enabling Embeddium support
[16:04:40] [modloading-worker-0/INFO]: Registering common data for channel xaerominimap:main!
[16:04:40] [modloading-worker-0/INFO]: Registering client data for channel xaerominimap:main!
[16:04:40] [modloading-worker-0/INFO]: Loading primary common config for channel xaerominimap:main!
[16:04:40] [modloading-worker-0/INFO]: Doing super early config setup for zeta
[16:04:40] [modloading-worker-0/WARN]: Modified mixin "dev.uncandango.alltheleaks.mixin.core.main.RecipeCrawlHandlerMixin". Check debug logs for more information.
[16:04:40] [modloading-worker-0/WARN]: Modified mixin "dev.uncandango.alltheleaks.mixin.core.main.RecipeCrawlHandlerMixin". Check debug logs for more information.
[16:04:40] [modloading-worker-0/WARN]: Modified mixin "dev.uncandango.alltheleaks.mixin.core.main.RecipeCrawlHandlerMixin". Check debug logs for more information.
[16:04:41] [modloading-worker-0/INFO]: Loading server config profiles for channel xaerominimap:main!
[16:04:41] [modloading-worker-0/INFO]: Loading primary client config for channel xaerominimap:main!
[16:04:41] [modloading-worker-0/INFO]: Loading client config profiles for channel xaerominimap:main!
[16:04:41] [modloading-worker-0/INFO]: Kotlin For Forge Enabled!
[16:04:41] [modloading-worker-0/INFO]: Hello from Gravestone Curios Compat!
[16:04:41] [modloading-worker-0/INFO]: Create: Numismatics 1.0.15+forge-mc1.20.1 initializing! Create version: 6.0.6 on platform: FORGE
[16:04:41] [modloading-worker-0/INFO]: Registering common data for channel xaeroworldmap:main!
[16:04:41] [modloading-worker-0/INFO]: Registering client data for channel xaeroworldmap:main!
[16:04:41] [modloading-worker-0/INFO]: Sending ConfigManager...
[16:04:41] [modloading-worker-0/INFO]: Registering items for Create: Numismatics
[16:04:41] [modloading-worker-0/INFO]: Sending ConfigManager took 28.80 ms
[16:04:41] [modloading-worker-0/INFO]: Fixing MC-151457. Crafting remainder for minecraft:pufferfish_bucket is now minecraft:bucket.
[16:04:41] [modloading-worker-0/INFO]: Fixing MC-151457. Crafting remainder for minecraft:salmon_bucket is now minecraft:bucket.
[16:04:41] [modloading-worker-0/INFO]: Fixing MC-151457. Crafting remainder for minecraft:cod_bucket is now minecraft:bucket.
[16:04:41] [modloading-worker-0/INFO]: Fixing MC-151457. Crafting remainder for minecraft:tropical_fish_bucket is now minecraft:bucket.
[16:04:41] [modloading-worker-0/INFO]: Fixing MC-151457. Crafting remainder for minecraft:axolotl_bucket is now minecraft:bucket.
[16:04:41] [modloading-worker-0/INFO]: Loading primary common config for channel xaeroworldmap:main!
[16:04:41] [modloading-worker-0/INFO]: Fixing MC-151457. Crafting remainder for minecraft:powder_snow_bucket is now minecraft:bucket.
[16:04:41] [modloading-worker-0/INFO]: Fixing MC-151457. Crafting remainder for minecraft:tadpole_bucket is now minecraft:bucket.
[16:04:41] [modloading-worker-0/INFO]: Steam 'n' Rails v1.6.13-alpha initializing! Commit hash: 5d2e8aed2c48fe6f5f2287d380eb23af443064e7 on Create version: 6.0.6 on platform: Forge
[16:04:41] [modloading-worker-0/INFO]: Loading server config profiles for channel xaeroworldmap:main!
[16:04:41] [modloading-worker-0/INFO]: [MELODY] Loading Melody background audio library..
[16:04:41] [modloading-worker-0/INFO]: Loading primary client config for channel xaeroworldmap:main!
[16:04:41] [modloading-worker-0/INFO]: Loading client config profiles for channel xaeroworldmap:main!
[16:04:41] [modloading-worker-0/INFO]: Registering blocks for Create: Numismatics
[16:04:41] [modloading-worker-0/INFO]: [KONKRETE] Successfully initialized!
[16:04:41] [modloading-worker-0/INFO]: [KONKRETE] Server-side libs ready to use!
[16:04:42] [modloading-worker-0/INFO]: [ETF]: Modifying ETF Render State constructor because: for EMF
[16:04:42] [modloading-worker-0/INFO]: Loading Entity Model Features, one of the mods ever made!
[16:04:42] [modloading-worker-0/INFO]: Loading Entity Texture Features, :)
[16:04:42] [modloading-worker-0/INFO]: ping & connect fast!
[16:04:42] [modloading-worker-0/INFO]: Loaded config fzzy_config:keybinds in 1070ms
[16:04:43] [modloading-worker-0/INFO]: Loaded config :emi_loot_config in 1223ms
[16:04:43] [modloading-worker-0/INFO]: [ETF]: 6 new ETF Random Properties registered by entity_model_features
[16:04:43] [modloading-worker-0/WARN]: @Inject(@At("INVOKE")) Shift.BY=2 on create_connected.mixins.json:sequencedgearshift.SequencedGearshiftScreenMixin from mod create_connected::handler$ela000$create_connected$updateParamsOfRow exceeds the maximum allowed value: 0. Increase the value of maxShiftBy to suppress this warning.
[16:04:43] [modloading-worker-0/INFO]: Loading Collective version 8.13.
[16:04:43] [modloading-worker-0/INFO]: Loaded config for: cupboard.json
[16:04:43] [modloading-worker-0/INFO]: Registering common data for channel xaerolib:main!
[16:04:43] [modloading-worker-0/INFO]: Registering client data for channel xaerolib:main!
[16:04:43] [modloading-worker-0/INFO]: Loading primary common config for channel xaerolib:main!
[16:04:43] [modloading-worker-0/INFO]: Loading server config profiles for channel xaerolib:main!
[16:04:43] [modloading-worker-0/INFO]: Loading primary client config for channel xaerolib:main!
[16:04:43] [modloading-worker-0/INFO]: Loading client config profiles for channel xaerolib:main!
[16:04:43] [modloading-worker-0/INFO]: Create 6.0.6 initializing! Commit hash: 338bfa0aec952fa51656e8f61bd621ca9b3b2e00
[16:04:43] [modloading-worker-0/INFO]: [dev.tr7zw.trender.gui.impl.client.LibGuiClient:onInitializeClient:34]: [LibGui] Initializing Client...
[16:04:43] [modloading-worker-0/INFO]: Registering items for Create Deco
[16:04:43] [modloading-worker-0/INFO]: Registering blocks for Create Deco
[16:04:44] [modloading-worker-0/INFO]: forge loader environment detected
[16:04:44] [modloading-worker-0/INFO]: [TFMG] Initializing core systems...
[16:04:44] [modloading-worker-0/INFO]: [TFMG] Registering content...
[16:04:44] [modloading-worker-0/INFO]: Knock Knock...
[16:04:44] [modloading-worker-0/WARN]: Reactor detonation initiated.
[16:04:44] [modloading-worker-0/INFO]: Wait... NO! What?
[16:04:44] [modloading-worker-0/INFO]: Stop That! That's not how this works!
[16:04:44] [modloading-worker-0/WARN]: Calculating explosion ETA
[16:04:44] [modloading-worker-0/INFO]: Ahh... NO... NONONO! DONT DO THAT!!! STOP THIS NOW!
[16:04:44] [modloading-worker-0/WARN]: **Explosion Imminent!!!**
[16:04:44] [modloading-worker-0/INFO]: Well...... fork...
[16:04:45] [modloading-worker-0/INFO]: Registering config for craftingtweaks:common (COMMON) with 7 properties.
[16:04:45] [modloading-worker-0/INFO]: Registering C2S receiver with id dragonlib:dragonlib_network/69a65f20acde32448da097b16eacfce9
[16:04:45] [modloading-worker-0/INFO]: Registering S2C receiver with id dragonlib:dragonlib_network/69a65f20acde32448da097b16eacfce9
[16:04:45] [modloading-worker-0/INFO]: Registering C2S receiver with id dragonlib:dragonlib_network/69d73e101ecb38b59cc59ce369f9f0e6
[16:04:45] [modloading-worker-0/INFO]: Registering S2C receiver with id dragonlib:dragonlib_network/69d73e101ecb38b59cc59ce369f9f0e6
[16:04:45] [modloading-worker-0/INFO]: Registering C2S receiver with id dragonlib:dragonlib_network/fcf1d4bbbc3b340daddecfd8389e586f
[16:04:45] [modloading-worker-0/INFO]: Registering S2C receiver with id dragonlib:dragonlib_network/fcf1d4bbbc3b340daddecfd8389e586f
[16:04:45] [modloading-worker-0/INFO]: Registering C2S receiver with id dragonlib:dragonlib_network/7ea7435aa82d37fbbe7321ccd48bb6b2
[16:04:45] [modloading-worker-0/INFO]: Registering S2C receiver with id dragonlib:dragonlib_network/7ea7435aa82d37fbbe7321ccd48bb6b2
[16:04:45] [Mountain Dragon/INFO]:                              +++ ? +++                             
[16:04:45] [Mountain Dragon/INFO]: ---------------------------------------------------------------------
[16:04:45] [Mountain Dragon/INFO]:             Loaded DragonLib v1.20.1-2.2.24 by MrJulsen!            
[16:04:45] [Mountain Dragon/INFO]:                        Minecraft Forge 1.20.1                       
[16:04:45] [Mountain Dragon/INFO]: 
[16:04:45] [Mountain Dragon/INFO]:                Discord: https://discord.gg/AeSbNgvc7f               
[16:04:45] [Mountain Dragon/INFO]:                            GitHub: unknown                           
[16:04:45] [Mountain Dragon/INFO]:   Bug Reports: https://github.com/MisterJulsen/MC-DragonLib2/issues  
[16:04:45] [Mountain Dragon/INFO]: ---------------------------------------------------------------------
[16:04:45] [Mountain Dragon/INFO]:                              +++ ? +++                             
[16:04:45] [modloading-worker-0/INFO]: Registered bogey styles from railways
[16:04:45] [modloading-worker-0/INFO]: Loaded common.properties
[16:04:45] [modloading-worker-0/INFO]: Loaded dev.properties
[16:04:45] [modloading-worker-0/INFO]: Looking for KubeJS plugins...
[16:04:45] [modloading-worker-0/INFO]: Found plugin source kubejs
[16:04:45] [modloading-worker-0/INFO]: CreateGoggles init
[16:04:45] [modloading-worker-0/INFO]: cgblocks
[16:04:45] [modloading-worker-0/INFO]: cgitems
[16:04:45] [modloading-worker-0/INFO]: cgblockentities
[16:04:45] [modloading-worker-0/INFO]: ResourceKey[minecraft:trim_pattern / creategoggles:goggle]
[16:04:45] [modloading-worker-0/INFO]: ResourceKey[minecraft:trim_material / creategoggles:goggle_material]
[16:04:45] [modloading-worker-0/INFO]: ResourceKey[minecraft:root / minecraft:trim_pattern]
[16:04:45] [modloading-worker-0/INFO]: CGItemModifiers register false
[16:04:45] [modloading-worker-0/INFO]: Registering S2C receiver with id creategoggles:sync_goggles
[16:04:45] [modloading-worker-0/INFO]: CreateGogglesForge init
[16:04:45] [modloading-worker-0/INFO]: Found plugin source ftbxmodcompat
[16:04:45] [modloading-worker-0/INFO]: Registering S2C receiver with id ftblibrary:edit_nbt
[16:04:45] [modloading-worker-0/INFO]: Registering C2S receiver with id ftblibrary:edit_nbt_response
[16:04:45] [modloading-worker-0/INFO]: Registering S2C receiver with id ftblibrary:sync_known_server_registries
[16:04:45] [modloading-worker-0/WARN]: Plugin dev.ftb.mods.ftbxmodcompat.ftbchunks.kubejs.FTBChunksKubeJSPlugin does not have required mod ftbchunks loaded, skipping
[16:04:45] [modloading-worker-0/WARN]: Plugin dev.ftb.mods.ftbxmodcompat.ftbfiltersystem.kubejs.FFSKubeJSPlugin does not have required mod ftbfiltersystem loaded, skipping
[16:04:45] [modloading-worker-0/INFO]: Registering S2C receiver with id ftblibrary:edit_config
[16:04:45] [modloading-worker-0/INFO]: Found plugin source kubejs_create
[16:04:46] [modloading-worker-0/INFO]: [net.nicguzzo.wands.config.WandsConfig:load_config:216]: Config updated!
[16:04:46] [modloading-worker-0/INFO]: [net.nicguzzo.wands.config.WandsConfig:load_config:220]: Config loaded!
[16:04:46] [modloading-worker-0/INFO]: Registering data fixers
[16:04:46] [modloading-worker-0/INFO]: Registering C2S receiver with id wands:key_packet
[16:04:46] [modloading-worker-0/INFO]: Registering C2S receiver with id wands:palette_packet
[16:04:46] [modloading-worker-0/INFO]: Registering C2S receiver with id wands:wand_packet
[16:04:46] [modloading-worker-0/INFO]: Registering C2S receiver with id wands:pos_packet
[16:04:46] [modloading-worker-0/INFO]: Registering C2S receiver with id wands:global_settings_packet
[16:04:46] [Railways Datafixer Bootstrap/INFO]: 2 Datafixer optimizations took 49 milliseconds
[16:04:46] [modloading-worker-0/INFO]: Registering S2C receiver with id wands:sound_packet
[16:04:46] [modloading-worker-0/INFO]: Registering S2C receiver with id wands:state_packet
[16:04:46] [modloading-worker-0/INFO]: Registering S2C receiver with id wands:conf_packet
[16:04:46] [modloading-worker-0/INFO]: Registering tracks for Hex Casting
[16:04:46] [modloading-worker-0/INFO]: Registering tracks for Oh The Biomes You'll Go
[16:04:46] [modloading-worker-0/INFO]: Registering tracks for Blue Skies
[16:04:46] [modloading-worker-0/INFO]: Registering C2S receiver with id camping:open_backpack
[16:04:46] [modloading-worker-0/INFO]: Registering tracks for Twilight Forest
[16:04:46] [modloading-worker-0/INFO]: Registering tracks for Biomes O' Plenty
[16:04:46] [modloading-worker-0/INFO]: Registering C2S receiver with id camping:open_ender_chest
[16:04:46] [modloading-worker-0/INFO]: Registering C2S receiver with id camping:open_ender_chest
[16:04:46] [modloading-worker-0/INFO]: Registering tracks for Nature's Spirit
[16:04:46] [modloading-worker-0/INFO]: Found plugin source kubejs_mekanism
[16:04:47] [modloading-worker-0/INFO]: Found plugin source create_mechanical_extruder
[16:04:47] [modloading-worker-0/INFO]: Found plugin source lootjs
[16:04:47] [modloading-worker-0/INFO]: Found plugin source probejs
[16:04:47] [modloading-worker-0/INFO]: Registering tracks for Dreams and Desires
[16:04:47] [modloading-worker-0/INFO]: Done in 1.553 s
[16:04:47] [modloading-worker-0/INFO]: Registering tracks for Quark
[16:04:47] [modloading-worker-0/INFO]: Registering tracks for TerraFirmaCraft
[16:04:47] [modloading-worker-0/INFO]: Registering S2C receiver with id ftbteams:sync_teams
[16:04:47] [modloading-worker-0/INFO]: Registering S2C receiver with id ftbteams:sync_message_history
[16:04:47] [modloading-worker-0/INFO]: Registering C2S receiver with id ftbteams:open_gui
[16:04:47] [modloading-worker-0/INFO]: Registering S2C receiver with id ftbteams:open_my_team_gui
[16:04:47] [modloading-worker-0/INFO]: Registering C2S receiver with id ftbteams:update_settings
[16:04:47] [modloading-worker-0/INFO]: Registering S2C receiver with id ftbteams:update_settings_response
[16:04:47] [modloading-worker-0/INFO]: Registering C2S receiver with id ftbteams:send_message
[16:04:47] [modloading-worker-0/INFO]: Registering S2C receiver with id ftbteams:send_message_response
[16:04:47] [modloading-worker-0/INFO]: Registering S2C receiver with id ftbteams:update_presence
[16:04:47] [modloading-worker-0/INFO]: Registering C2S receiver with id ftbteams:create_party
[16:04:47] [modloading-worker-0/INFO]: Registering C2S receiver with id ftbteams:player_gui_operation
[16:04:47] [modloading-worker-0/INFO]: Registering C2S receiver with id candlelight:typewriter_sync
[16:04:47] [modloading-worker-0/INFO]: Registering C2S receiver with id candlelight:sign_note
[16:04:47] [modloading-worker-0/INFO]: [FTB Quests] Enabled KubeJS integration
[16:04:47] [modloading-worker-0/INFO]: Registering S2C receiver with id polylib:container_to_client
[16:04:47] [modloading-worker-0/INFO]: Registering S2C receiver with id polylib:tile_to_client
[16:04:47] [modloading-worker-0/INFO]: Registering C2S receiver with id polylib:container_packet_server
[16:04:47] [modloading-worker-0/INFO]: Registering C2S receiver with id polylib:tile_data_server
[16:04:47] [modloading-worker-0/INFO]: Registering C2S receiver with id polylib:tile_packet_server
[16:04:47] [modloading-worker-0/INFO]: Registering C2S receiver with id brewery:alcohol_sync_request
[16:04:47] [modloading-worker-0/INFO]: Registering S2C receiver with id octolib:config_sync
[16:04:47] [modloading-worker-0/INFO]: Registering C2S receiver with id brewery:drink_alcohol
[16:04:47] [modloading-worker-0/INFO]: Registering C2S receiver with id itemfilters:main/14e7fa1454283aec8ae811ef844ada28
[16:04:47] [modloading-worker-0/INFO]: Registering S2C receiver with id itemfilters:main/14e7fa1454283aec8ae811ef844ada28
[16:04:47] [modloading-worker-0/INFO]: Registering C2S receiver with id itemfilters:main/8f6a899247753217b9d86ab427a2b279
[16:04:47] [modloading-worker-0/INFO]: Registering S2C receiver with id itemfilters:main/8f6a899247753217b9d86ab427a2b279
[16:04:48] [modloading-worker-0/INFO]: Loading Rhino Minecraft remapper...
[16:04:48] [modloading-worker-0/INFO]: Rhino properties loaded.
[16:04:48] [modloading-worker-0/INFO]: Loading mappings for 1.20.1
[16:04:48] [modloading-worker-0/INFO]: [libIPN] libIPN - init in Kotlin
[16:04:48] [modloading-worker-0/INFO]: Registering S2C receiver with id ftbquests:sync_quests
[16:04:48] [modloading-worker-0/INFO]: Registering S2C receiver with id ftbquests:sync_team_data
[16:04:48] [modloading-worker-0/INFO]: Registering S2C receiver with id ftbquests:update_task_progress
[16:04:48] [modloading-worker-0/INFO]: Registering C2S receiver with id ftbquests:submit_task
[16:04:48] [modloading-worker-0/INFO]: Registering C2S receiver with id ftbquests:claim_reward
[16:04:48] [modloading-worker-0/INFO]: Registering S2C receiver with id ftbquests:claim_reward_response
[16:04:48] [modloading-worker-0/INFO]: Registering S2C receiver with id ftbquests:sync_editing_mode
[16:04:48] [modloading-worker-0/INFO]: Registering C2S receiver with id ftbquests:get_emergency_items
[16:04:48] [modloading-worker-0/INFO]: Registering S2C receiver with id ftbquests:create_other_team_data
[16:04:48] [modloading-worker-0/INFO]: Registering C2S receiver with id ftbquests:claim_all_rewards
[16:04:48] [modloading-worker-0/INFO]: Registering C2S receiver with id ftbquests:claim_choice_reward
[16:04:48] [modloading-worker-0/INFO]: Registering S2C receiver with id ftbquests:display_completion_toast
[16:04:48] [modloading-worker-0/INFO]: Registering S2C receiver with id ftbquests:display_reward_toast
[16:04:48] [modloading-worker-0/INFO]: Registering S2C receiver with id ftbquests:display_item_reward_toast
[16:04:48] [modloading-worker-0/INFO]: Registering C2S receiver with id ftbquests:toggle_pinned
[16:04:48] [modloading-worker-0/INFO]: Registering S2C receiver with id ftbquests:toggle_pinned_response
[16:04:48] [modloading-worker-0/INFO]: Registering C2S receiver with id ftbquests:toggle_chapter_pinned
[16:04:48] [modloading-worker-0/INFO]: Registering S2C receiver with id ftbquests:toggle_chapter_pinned_response
[16:04:48] [modloading-worker-0/INFO]: Registering C2S receiver with id ftbquests:toggle_editing_mode
[16:04:48] [modloading-worker-0/INFO]: Registering C2S receiver with id ftbquests:force_save
[16:04:48] [modloading-worker-0/INFO]: Registering S2C receiver with id ftbquests:update_team_data
[16:04:48] [modloading-worker-0/INFO]: Registering C2S receiver with id ftbquests:set_custom_image
[16:04:48] [modloading-worker-0/INFO]: Registering S2C receiver with id ftbquests:object_started
[16:04:48] [modloading-worker-0/INFO]: Registering S2C receiver with id ftbquests:object_completed
[16:04:48] [modloading-worker-0/INFO]: Registering S2C receiver with id ftbquests:object_started_reset
[16:04:48] [modloading-worker-0/INFO]: Registering S2C receiver with id ftbquests:object_completed_reset
[16:04:48] [modloading-worker-0/INFO]: Registering S2C receiver with id ftbquests:sync_lock
[16:04:48] [modloading-worker-0/INFO]: Registering S2C receiver with id ftbquests:reset_reward
[16:04:48] [modloading-worker-0/INFO]: Registering S2C receiver with id ftbquests:team_data_changed
[16:04:48] [modloading-worker-0/INFO]: Registering S2C receiver with id ftbquests:task_screen_config_req
[16:04:48] [modloading-worker-0/INFO]: Registering C2S receiver with id ftbquests:task_screen_config_resp
[16:04:48] [modloading-worker-0/INFO]: Registering C2S receiver with id ftbquests:change_progress
[16:04:48] [modloading-worker-0/INFO]: Registering C2S receiver with id ftbquests:create_object
[16:04:48] [modloading-worker-0/INFO]: Registering S2C receiver with id ftbquests:create_object_response
[16:04:48] [modloading-worker-0/INFO]: Registering C2S receiver with id ftbquests:create_task_at
[16:04:48] [modloading-worker-0/INFO]: Registering C2S receiver with id ftbquests:delete_object
[16:04:48] [modloading-worker-0/INFO]: Registering S2C receiver with id ftbquests:delete_object_response
[16:04:48] [modloading-worker-0/INFO]: Registering C2S receiver with id ftbquests:edit_object
[16:04:48] [modloading-worker-0/INFO]: Registering S2C receiver with id ftbquests:edit_object_response
[16:04:48] [modloading-worker-0/INFO]: Registering C2S receiver with id ftbquests:move_chapter
[16:04:48] [modloading-worker-0/INFO]: Registering S2C receiver with id ftbquests:move_chapter_response
[16:04:48] [modloading-worker-0/INFO]: Registering C2S receiver with id ftbquests:move_quest
[16:04:48] [modloading-worker-0/INFO]: Done in 0,308 s
[16:04:48] [modloading-worker-0/INFO]: Registering S2C receiver with id ftbquests:move_quest_response
[16:04:48] [modloading-worker-0/INFO]: Registering C2S receiver with id ftbquests:change_chapter_group
[16:04:48] [modloading-worker-0/INFO]: Registering S2C receiver with id ftbquests:change_chapter_group_response
[16:04:48] [modloading-worker-0/INFO]: Registering C2S receiver with id ftbquests:move_chapter_group
[16:04:48] [modloading-worker-0/INFO]: Registering S2C receiver with id ftbquests:move_chapter_group_response
[16:04:48] [modloading-worker-0/INFO]: Registering S2C receiver with id ftbquests:sync_reward_blocking
[16:04:48] [modloading-worker-0/INFO]: Registering C2S receiver with id ftbquests:copy_quest
[16:04:48] [modloading-worker-0/INFO]: Registering C2S receiver with id ftbquests:copy_chapter_image
[16:04:48] [modloading-worker-0/INFO]: Registering C2S receiver with id ftbquests:sync_structures_request
[16:04:48] [modloading-worker-0/INFO]: Registering S2C receiver with id ftbquests:sync_structures_response
[16:04:48] [modloading-worker-0/INFO]: Registering C2S receiver with id ftbquests:request_team_data
[16:04:48] [modloading-worker-0/INFO]: Registering S2C receiver with id ftbquests:sync_editor_permission
[16:04:48] [modloading-worker-0/INFO]: Registering S2C receiver with id ftbquests:open_quest_book
[16:04:48] [modloading-worker-0/INFO]: Registering S2C receiver with id ftbquests:clear_display_cache
[16:04:48] [modloading-worker-0/INFO]: [TFMG] Initializing systems...
[16:04:48] [modloading-worker-0/INFO]: [TFMG] Setting up client...
[16:04:48] [modloading-worker-0/INFO]: [TFMG] Initialization complete!
[16:04:48] [modloading-worker-0/INFO]: Initializing TerraBlender underground biome compat
[16:04:49] [modloading-worker-0/INFO]: Replaced 1 calls to Enchantment#getMaxLevel() in org/violetmoon/quark/content/experimental/module/GameNerfsModule
[16:04:49] [modloading-worker-0/INFO]: [FANCYMENU] Loading v3.8.1 in client-side mode on FORGE!
[16:04:49] [modloading-worker-0/INFO]: [JUST ZOOM] Starting version 2.1.1 on Forge..
[16:04:49] [modloading-worker-0/INFO]: Deserializing YACLConfig from 'C:\Users\Philipp\curseforge\minecraft\Instances\Test-el3\config\yacl.json5'
[16:04:49] [modloading-worker-0/INFO]: Replaced 5 calls to Enchantment#getMaxLevel() in org/violetmoon/quark/content/tools/module/AncientTomesModule
[16:04:49] [modloading-worker-0/INFO]: Discovered 164 modules to load.
[16:04:49] [modloading-worker-0/INFO]: Constructing module Abacus...
[16:04:49] [modloading-worker-0/INFO]: Constructing module Adjustable Chat...
[16:04:49] [modloading-worker-0/INFO]: Constructing module Ambient Discs...
[16:04:49] [modloading-worker-0/INFO]: Constructing module Ancient Tomes...
[16:04:49] [modloading-worker-0/INFO]: Replaced 3 calls to Enchantment#getMaxLevel() in org/violetmoon/quark/content/tools/item/AncientTomeItem
[16:04:49] [modloading-worker-0/INFO]: Added bindings for script type STARTUP from mod 'almostunified': [AlmostUnified]
[16:04:49] [modloading-worker-0/INFO]: Constructing module Ancient Wood...
[16:04:49] [modloading-worker-0/INFO]: Constructing module Armed Armor Stands...
[16:04:49] [modloading-worker-0/INFO]: Constructing module Auto Walk Keybind...
[16:04:49] [modloading-worker-0/INFO]: Constructing module Automatic Recipe Unlock...
[16:04:49] [modloading-worker-0/INFO]: Constructing module Automatic Tool Restock...
[16:04:49] [modloading-worker-0/INFO]: Constructing module Azalea Wood...
[16:04:49] [modloading-worker-0/INFO]: Constructing module Back Button Keybind...
[16:04:49] [modloading-worker-0/INFO]: Constructing module Backpack...
[16:04:50] [modloading-worker-0/INFO]: Constructing module Beacon Redirection...
[16:04:50] [modloading-worker-0/INFO]: Constructing module Better Elytra Rocket...
[16:04:50] [modloading-worker-0/INFO]: Constructing module Big Stone Clusters...
[16:04:50] [modloading-worker-0/INFO]: Constructing module Blossom Trees...
[16:04:50] [modloading-worker-0/INFO]: Constructing module Bottled Cloud...
[16:04:50] [modloading-worker-0/INFO]: Constructing module Buckets Show Inhabitants...
[16:04:50] [modloading-worker-0/INFO]: Constructing module Camera...
[16:04:50] [modloading-worker-0/INFO]: Constructing module Campfires Boost Elytra...
[16:04:50] [modloading-worker-0/INFO]: Constructing module Celebratory Lamps...
[16:04:50] [modloading-worker-0/INFO]: Constructing module Chains Connect Blocks...
[16:04:50] [modloading-worker-0/INFO]: Constructing module Chest Searching...
[16:04:50] [modloading-worker-0/INFO]: Constructing module Chorus Vegetation...
[16:04:50] [modloading-worker-0/INFO]: Constructing module Chute...
[16:04:50] [modloading-worker-0/INFO]: Constructing module Climate Control Remover...
[16:04:50] [modloading-worker-0/INFO]: Constructing module Color Runes...
[16:04:50] [modloading-worker-0/INFO]: Constructing module Compasses Work Everywhere...
[16:04:50] [modloading-worker-0/INFO]: Constructing module Compressed Blocks...
[16:04:50] [modloading-worker-0/INFO]: Constructing module Coral On Cactus...
[16:04:50] [modloading-worker-0/INFO]: Constructing module Corundum...
[16:04:50] [modloading-worker-0/INFO]: Constructing module Crabs...
[16:04:50] [modloading-worker-0/INFO]: Constructing module Crafter...
[16:04:50] [modloading-worker-0/INFO]: Constructing module Crate...
[16:04:50] [modloading-worker-0/INFO]: Constructing module Diamond Repair...
[16:04:50] [modloading-worker-0/INFO]: Constructing module Dispensers Place Blocks...
[16:04:50] [modloading-worker-0/INFO]: Constructing module Double Door Opening...
[16:04:50] [modloading-worker-0/INFO]: Constructing module Dragon Scales...
[16:04:50] [modloading-worker-0/INFO]: Constructing module Duskbound Blocks...
[16:04:50] [modloading-worker-0/INFO]: Constructing module Dyeable Item Frames...
[16:04:50] [modloading-worker-0/INFO]: Constructing module Easy Transfering...
[16:04:50] [modloading-worker-0/INFO]: Constructing module Elytra Indicator...
[16:04:50] [modloading-worker-0/INFO]: Constructing module Emotes...
[16:04:50] [modloading-worker-0/INFO]: Constructing module Enchantment Predicates...
[16:04:50] [modloading-worker-0/INFO]: Constructing module Enchantments Begone...
[16:04:50] [modloading-worker-0/INFO]: Constructing module Ender Watcher...
[16:04:50] [modloading-worker-0/INFO]: ae2_support.js#1: Loaded Java class 'appeng.recipes.entropy.EntropyMode'
[16:04:50] [modloading-worker-0/INFO]: Constructing module Endermosh Music Disc...
[16:04:50] [modloading-worker-0/INFO]: Constructing module Enhanced Ladders...
[16:04:50] [modloading-worker-0/INFO]: ae2_support.js#2: Loaded Java class 'dev.latvian.mods.kubejs.recipe.schema.RecipeSchema'
[16:04:50] [modloading-worker-0/INFO]: Constructing module Expanded Item Interactions...
[16:04:50] [modloading-worker-0/INFO]: Constructing module Fairy Rings...
[16:04:50] [modloading-worker-0/INFO]: Constructing module Fallen Logs...
[16:04:50] [modloading-worker-0/INFO]: Constructing module Feeding Trough...
[16:04:50] [modloading-worker-0/INFO]: ae2_support.js#3: Loaded Java class 'dev.latvian.mods.kubejs.recipe.component.MapRecipeComponent'
[16:04:50] [modloading-worker-0/INFO]: Constructing module Forgotten...
[16:04:50] [modloading-worker-0/INFO]: ae2_support.js#4: Loaded Java class 'dev.latvian.mods.kubejs.recipe.component.RecipeComponentBuilderMap'
[16:04:50] [modloading-worker-0/INFO]: Constructing module Foxhound...
[16:04:50] [modloading-worker-0/INFO]: Constructing module Framed Glass...
[16:04:50] [modloading-worker-0/INFO]: Constructing module Game Nerfs...
[16:04:50] [modloading-worker-0/INFO]: Loaded script startup_scripts:ae2_support.js in 0.449 s
[16:04:50] [modloading-worker-0/INFO]: example.js#5: Hello, World! (Loaded startup scripts)
[16:04:50] [modloading-worker-0/INFO]: Constructing module Glass Item Frame...
[16:04:50] [modloading-worker-0/INFO]: Loaded script startup_scripts:example.js in 0.004 s
[16:04:50] [modloading-worker-0/INFO]: Loaded script startup_scripts:sopiticated_bacpacks.js in 0.001 s
[16:04:50] [modloading-worker-0/INFO]: Constructing module Glass Shard...
[16:04:50] [modloading-worker-0/INFO]: Constructing module Glimmering Weald...
[16:04:50] [modloading-worker-0/INFO]: Loaded 3/3 KubeJS startup scripts in 2.121 s with 0 errors and 0 warnings
[16:04:50] [modloading-worker-0/INFO]: Constructing module Gold Bars...
[16:04:50] [modloading-worker-0/INFO]: Constructing module Gold Tools Have Fortune...
[16:04:50] [modloading-worker-0/INFO]: Constructing module Grab Chickens...
[16:04:50] [modloading-worker-0/INFO]: Constructing module Grate...
[16:04:50] [modloading-worker-0/INFO]: Constructing module Gravisand...
[16:04:50] [modloading-worker-0/INFO]: Constructing module Greener Grass...
[16:04:50] [modloading-worker-0/INFO]: Constructing module Hedges...
[16:04:50] [modloading-worker-0/INFO]: Constructing module Hoe Harvesting...
[16:04:50] [modloading-worker-0/INFO]: Constructing module Hollow Logs...
[16:04:50] [modloading-worker-0/INFO]: Constructing module Horses Swim...
[16:04:50] [modloading-worker-0/INFO]: Constructing module Hotbar Changer...
[16:04:50] [modloading-worker-0/INFO]: Constructing module Improved Sponges...
[16:04:50] [modloading-worker-0/INFO]: Constructing module Improved Tooltips...
[16:04:50] [modloading-worker-0/INFO]: Constructing module Industrial Palette...
[16:04:50] [modloading-worker-0/INFO]: Constructing module Inventory Sorting...
[16:04:50] [modloading-worker-0/INFO]: Constructing module Iron Rod...
[16:04:50] [modloading-worker-0/INFO]: Constructing module Item Sharing...
[16:04:50] [modloading-worker-0/INFO]: Constructing module Japanese Palette...
[16:04:50] [modloading-worker-0/INFO]: Constructing module Leaf Carpet...
[16:04:50] [modloading-worker-0/INFO]: Constructing module Lock Rotation...
[16:04:50] [modloading-worker-0/INFO]: Constructing module Long Range Pick Block...
[16:04:50] [modloading-worker-0/INFO]: Constructing module Magma Keeps Concrete Powder...
[16:04:50] [modloading-worker-0/INFO]: Constructing module Magnets...
[16:04:50] [modloading-worker-0/INFO]: Constructing module Map Washing...
[16:04:50] [modloading-worker-0/INFO]: Constructing module Matrix Enchanting...
[16:04:50] [modloading-worker-0/INFO]: Constructing module Metal Buttons...
[16:04:50] [modloading-worker-0/INFO]: Constructing module Microcrafting Helper...
[16:04:50] [modloading-worker-0/INFO]: Constructing module Midori...
[16:04:50] [modloading-worker-0/INFO]: Constructing module Monster Box...
[16:04:50] [modloading-worker-0/INFO]: Constructing module More Banner Layers...
[16:04:50] [modloading-worker-0/INFO]: Constructing module More Brick Types...
[16:04:50] [modloading-worker-0/INFO]: Constructing module More Mud Blocks...
[16:04:50] [modloading-worker-0/INFO]: Constructing module More Note Block Sounds...
[16:04:50] [modloading-worker-0/INFO]: Constructing module More Potted Plants...
[16:04:50] [modloading-worker-0/INFO]: Constructing module More Villagers...
[16:04:50] [modloading-worker-0/INFO]: Constructing module Narrator Readout...
[16:04:50] [modloading-worker-0/INFO]: Constructing module Nether Brick Fence Gate...
[16:04:50] [modloading-worker-0/INFO]: Constructing module Nether Obsidian Spikes...
[16:04:50] [modloading-worker-0/INFO]: Constructing module New Stone Types...
[16:04:50] [modloading-worker-0/INFO]: Constructing module No Durability On Cosmetics...
[16:04:50] [modloading-worker-0/INFO]: Constructing module No More Lava Pockets...
[16:04:50] [modloading-worker-0/INFO]: Constructing module Obsidian Plate...
[16:04:50] [modloading-worker-0/INFO]: Constructing module Overlay Shader...
[16:04:50] [modloading-worker-0/INFO]: Constructing module Parrot Eggs...
[16:04:50] [modloading-worker-0/INFO]: Constructing module Pat The Dogs...
[16:04:50] [modloading-worker-0/INFO]: Constructing module Pathfinder Maps...
[16:04:50] [modloading-worker-0/INFO]: Constructing module Permafrost...
[16:04:50] [modloading-worker-0/INFO]: Constructing module Petals On Water...
[16:04:50] [modloading-worker-0/INFO]: Constructing module Pickarang...
[16:04:50] [modloading-worker-0/INFO]: Added bindings for script type CLIENT from mod 'almostunified': [AlmostUnified]
[16:04:50] [modloading-worker-0/INFO]: example.js#5: Hello, World! (Loaded client scripts)
[16:04:50] [modloading-worker-0/INFO]: Constructing module Pig Litters...
[16:04:50] [modloading-worker-0/INFO]: Constructing module Pipes...
[16:04:50] [modloading-worker-0/INFO]: Loaded script client_scripts:example.js in 0.002 s
[16:04:50] [modloading-worker-0/INFO]: Loaded 1/1 KubeJS client scripts in 0.047 s with 0 errors and 0 warnings
[16:04:50] [modloading-worker-0/INFO]: Constructing module Pistons Move Tile Entities...
[16:04:50] [modloading-worker-0/INFO]: Constructing module Poison Potato Usage...
[16:04:50] [modloading-worker-0/INFO]: Constructing module Quick Armor Swapping...
[16:04:50] [modloading-worker-0/INFO]: Constructing module Rainbow Lamps...
[16:04:50] [modloading-worker-0/INFO]: Constructing module Raw Metal Bricks...
[16:04:50] [modloading-worker-0/INFO]: Constructing module Reacharound Placing...
[16:04:50] [modloading-worker-0/INFO]: Constructing module Redstone Randomizer...
[16:04:50] [modloading-worker-0/INFO]: Constructing module Renewable Spore Blossoms...
[16:04:50] [modloading-worker-0/INFO]: Constructing module Replace Scaffolding...
[16:04:50] [modloading-worker-0/INFO]: Constructing module Rope...
[16:04:50] [modloading-worker-0/INFO]: Constructing module Safer Creatures...
[16:04:50] [modloading-worker-0/INFO]: Constructing module Seed Pouch...
[16:04:50] [modloading-worker-0/INFO]: Constructing module Shear Vines...
[16:04:50] [modloading-worker-0/INFO]: Constructing module Shiba...
[16:04:50] [modloading-worker-0/INFO]: Constructing module Shingles...
[16:04:50] [modloading-worker-0/INFO]: Constructing module Shulker Packing...
[16:04:50] [modloading-worker-0/INFO]: Constructing module Simple Harvest...
[16:04:50] [modloading-worker-0/INFO]: Constructing module Skull Pikes...
[16:04:50] [modloading-worker-0/INFO]: Registering C2S receiver with id kubejs:send_data_from_client
[16:04:50] [modloading-worker-0/INFO]: Registering S2C receiver with id kubejs:send_data_from_server
[16:04:50] [modloading-worker-0/INFO]: Constructing module Slabs To Blocks...
[16:04:50] [modloading-worker-0/INFO]: Constructing module Slime In A Bucket...
[16:04:50] [modloading-worker-0/INFO]: Registering S2C receiver with id kubejs:paint
[16:04:50] [modloading-worker-0/INFO]: Registering S2C receiver with id kubejs:add_stage
[16:04:50] [modloading-worker-0/INFO]: Constructing module Slimes To Magma Cubes...
[16:04:50] [modloading-worker-0/INFO]: Constructing module Snow Golem Player Heads...
[16:04:50] [modloading-worker-0/INFO]: Registering S2C receiver with id kubejs:remove_stage
[16:04:50] [modloading-worker-0/INFO]: Constructing module Soul Candles...
[16:04:50] [modloading-worker-0/INFO]: Constructing module Soul Sandstone...
[16:04:50] [modloading-worker-0/INFO]: Constructing module Spawner Replacer...
[16:04:50] [modloading-worker-0/INFO]: Registering S2C receiver with id kubejs:sync_stages
[16:04:50] [modloading-worker-0/INFO]: Constructing module Spiral Spires...
[16:04:50] [modloading-worker-0/INFO]: Registering C2S receiver with id kubejs:first_click
[16:04:50] [modloading-worker-0/INFO]: Registering S2C receiver with id kubejs:toast
[16:04:50] [modloading-worker-0/INFO]: Registering S2C receiver with id kubejs:reload_startup_scripts
[16:04:50] [modloading-worker-0/INFO]: Constructing module Stonelings...
[16:04:50] [modloading-worker-0/INFO]: Registering S2C receiver with id kubejs:display_server_errors
[16:04:50] [modloading-worker-0/INFO]: Constructing module Stools...
[16:04:50] [modloading-worker-0/INFO]: Registering S2C receiver with id kubejs:display_client_errors
[16:04:50] [modloading-worker-0/INFO]: Constructing module Sturdy Stone...
[16:04:50] [modloading-worker-0/INFO]: Constructing module Thatch...
[16:04:50] [modloading-worker-0/INFO]: Constructing module Tiny Potato...
[16:04:50] [modloading-worker-0/INFO]: Constructing module Torch Arrow...
[16:04:50] [modloading-worker-0/INFO]: Constructing module Toretoise...
[16:04:50] [modloading-worker-0/INFO]: Constructing module Totem Of Holding...
[16:04:50] [modloading-worker-0/INFO]: Constructing module Trowel...
[16:04:50] [modloading-worker-0/INFO]: Constructing module Usage Ticker...
[16:04:50] [modloading-worker-0/INFO]: Constructing module Uses For Curses...
[16:04:50] [modloading-worker-0/INFO]: Constructing module Utility Recipes...
[16:04:50] [modloading-worker-0/INFO]: Constructing module Variant Animal Textures...
[16:04:50] [modloading-worker-0/INFO]: Constructing module Variant Bookshelves...
[16:04:50] [modloading-worker-0/INFO]: Constructing module Variant Chests...
[16:04:50] [modloading-worker-0/INFO]: Constructing module Variant Furnaces...
[16:04:50] [modloading-worker-0/INFO]: Constructing module Variant Ladders...
[16:04:50] [modloading-worker-0/INFO]: Constructing module Variant Selector...
[16:04:50] [modloading-worker-0/INFO]: Constructing module Vertical Planks...
[16:04:50] [modloading-worker-0/INFO]: Constructing module Vertical Slabs...
[16:04:50] [modloading-worker-0/INFO]: Constructing module Vexes Die With Their Masters...
[16:04:50] [modloading-worker-0/INFO]: Constructing module Villager Rerolling Rework...
[16:04:50] [modloading-worker-0/INFO]: Constructing module Villagers Follow Emeralds...
[16:04:50] [modloading-worker-0/INFO]: Constructing module Wooden Posts...
[16:04:50] [modloading-worker-0/INFO]: Constructing module Wool Shuts Up Minecarts...
[16:04:50] [modloading-worker-0/INFO]: Constructing module Wraith...
[16:04:50] [modloading-worker-0/INFO]: Constructing module Zombie Villagers On Normal...
[16:04:50] [modloading-worker-0/INFO]: Constructing module More Stone Variants...
[16:04:50] [modloading-worker-0/INFO]: Constructed 164 modules.
[16:04:50] [modloading-worker-0/INFO]: Doing super early config setup for quark
[16:04:51] [Render thread/INFO]: Capturing existing worldgen registries
[16:04:51] [Render thread/INFO]: Found 2 injected RegistryDataLoader worldgen registries
[16:04:52] [Render thread/INFO]: Replaced 1 calls to Enchantment#getMaxLevel() in org/violetmoon/quark/content/tools/loot/EnchantTome
[16:04:57] [Render thread/INFO]: Replaced 1 calls to Enchantment#getMaxLevel() in net/minecraft/world/entity/npc/VillagerTrades$EnchantBookForEmeralds
[16:04:57] [Render thread/INFO]: Replaced 1 calls to Enchantment#isTreasureOnly() in net/minecraft/world/entity/npc/VillagerTrades$EnchantBookForEmeralds
[16:04:57] [Render thread/INFO]: Replaced 1 calls to Enchantment#isTradeable() in net/minecraft/world/entity/npc/VillagerTrades$EnchantBookForEmeralds
[16:04:57] [FTB Backups Config Watcher 0/INFO]: Config at C:\Users\Philipp\curseforge\minecraft\Instances\Test-el3\config\ftbbackups2.json has changed, reloaded!
[16:04:59] [Render thread/WARN]: Registry entry listened Registry Entry [minecraft:entity_type / bakery:wandering_baker] was not realized!
[16:04:59] [Render thread/WARN]: Registry entry listened Registry Entry [minecraft:entity_type / meadow:wooly_cow] was not realized!
[16:04:59] [Render thread/WARN]: Registry entry listened Registry Entry [minecraft:entity_type / brewery:beer_elemental] was not realized!
[16:04:59] [Render thread/WARN]: Registry entry listened Registry Entry [minecraft:entity_type / meadow:water_buffalo] was not realized!
[16:04:59] [Render thread/WARN]: Registry entry listened Registry Entry [minecraft:entity_type / meadow:wooly_sheep] was not realized!
[16:04:59] [Render thread/WARN]: Registry entry listened Registry Entry [minecraft:entity_type / vinery:wandering_winemaker] was not realized!
[16:04:59] [Render thread/WARN]: Registry entry listened Registry Entry [minecraft:entity_type / vinery:mule] was not realized!
[16:04:59] [Render thread/WARN]: Registry entry listened Registry Entry [minecraft:entity_type / bakery:wandering_baker] was not realized!
[16:04:59] [Render thread/WARN]: Registry entry listened Registry Entry [minecraft:entity_type / meadow:wooly_cow] was not realized!
[16:04:59] [Render thread/WARN]: Registry entry listened Registry Entry [minecraft:entity_type / brewery:beer_elemental] was not realized!
[16:04:59] [Render thread/WARN]: Registry entry listened Registry Entry [minecraft:entity_type / meadow:water_buffalo] was not realized!
[16:04:59] [Render thread/WARN]: Registry entry listened Registry Entry [minecraft:entity_type / meadow:wooly_sheep] was not realized!
[16:04:59] [Render thread/WARN]: Registry entry listened Registry Entry [minecraft:entity_type / vinery:wandering_winemaker] was not realized!
[16:04:59] [Render thread/WARN]: Registry entry listened Registry Entry [minecraft:entity_type / vinery:mule] was not realized!
[16:04:59] [Render thread/WARN]: Registry entry listened Registry Entry [minecraft:entity_type / bakery:wandering_baker] was not realized!
[16:04:59] [Render thread/WARN]: Registry entry listened Registry Entry [minecraft:entity_type / meadow:wooly_cow] was not realized!
[16:04:59] [Render thread/WARN]: Registry entry listened Registry Entry [minecraft:entity_type / brewery:beer_elemental] was not realized!
[16:04:59] [Render thread/WARN]: Registry entry listened Registry Entry [minecraft:entity_type / meadow:water_buffalo] was not realized!
[16:04:59] [Render thread/WARN]: Registry entry listened Registry Entry [minecraft:entity_type / meadow:wooly_sheep] was not realized!
[16:04:59] [Render thread/WARN]: Registry entry listened Registry Entry [minecraft:entity_type / vinery:wandering_winemaker] was not realized!
[16:04:59] [Render thread/WARN]: Registry entry listened Registry Entry [minecraft:entity_type / vinery:mule] was not realized!
[16:04:59] [Render thread/WARN]: defineId called for: class net.minecraft.world.entity.item.PrimedTnt from class com.drmangotea.tfmg.content.items.weapons.explosives.napalm.NapalmBombEntity
[16:04:59] [Render thread/WARN]: Registry entry listened Registry Entry [minecraft:entity_type / bakery:wandering_baker] was not realized!
[16:04:59] [Render thread/WARN]: Registry entry listened Registry Entry [minecraft:entity_type / meadow:wooly_cow] was not realized!
[16:04:59] [Render thread/WARN]: Registry entry listened Registry Entry [minecraft:entity_type / brewery:beer_elemental] was not realized!
[16:04:59] [Render thread/WARN]: Registry entry listened Registry Entry [minecraft:entity_type / meadow:water_buffalo] was not realized!
[16:04:59] [Render thread/WARN]: Registry entry listened Registry Entry [minecraft:entity_type / meadow:wooly_sheep] was not realized!
[16:04:59] [Render thread/WARN]: Registry entry listened Registry Entry [minecraft:entity_type / vinery:wandering_winemaker] was not realized!
[16:04:59] [Render thread/WARN]: Registry entry listened Registry Entry [minecraft:entity_type / vinery:mule] was not realized!
[16:04:59] [Render thread/WARN]: Registry entry listened Registry Entry [minecraft:entity_type / bakery:wandering_baker] was not realized!
[16:04:59] [Render thread/WARN]: Registry entry listened Registry Entry [minecraft:entity_type / meadow:wooly_cow] was not realized!
[16:04:59] [Render thread/WARN]: Registry entry listened Registry Entry [minecraft:entity_type / brewery:beer_elemental] was not realized!
[16:04:59] [Render thread/WARN]: Registry entry listened Registry Entry [minecraft:entity_type / meadow:water_buffalo] was not realized!
[16:04:59] [Render thread/WARN]: Registry entry listened Registry Entry [minecraft:entity_type / meadow:wooly_sheep] was not realized!
[16:04:59] [Render thread/WARN]: Registry entry listened Registry Entry [minecraft:entity_type / vinery:wandering_winemaker] was not realized!
[16:04:59] [Render thread/WARN]: Registry entry listened Registry Entry [minecraft:entity_type / vinery:mule] was not realized!
[16:04:59] [Render thread/WARN]: Registry entry listened Registry Entry [minecraft:entity_type / bakery:wandering_baker] was not realized!
[16:04:59] [Render thread/WARN]: Registry entry listened Registry Entry [minecraft:entity_type / meadow:wooly_cow] was not realized!
[16:04:59] [Render thread/WARN]: Registry entry listened Registry Entry [minecraft:entity_type / brewery:beer_elemental] was not realized!
[16:04:59] [Render thread/WARN]: Registry entry listened Registry Entry [minecraft:entity_type / meadow:water_buffalo] was not realized!
[16:04:59] [Render thread/WARN]: Registry entry listened Registry Entry [minecraft:entity_type / meadow:wooly_sheep] was not realized!
[16:04:59] [Render thread/WARN]: Registry entry listened Registry Entry [minecraft:entity_type / vinery:wandering_winemaker] was not realized!
[16:04:59] [Render thread/WARN]: Registry entry listened Registry Entry [minecraft:entity_type / vinery:mule] was not realized!
[16:04:59] [Render thread/WARN]: Registry entry listened Registry Entry [minecraft:entity_type / bakery:wandering_baker] was not realized!
[16:04:59] [Render thread/WARN]: Registry entry listened Registry Entry [minecraft:entity_type / meadow:wooly_cow] was not realized!
[16:04:59] [Render thread/WARN]: Registry entry listened Registry Entry [minecraft:entity_type / brewery:beer_elemental] was not realized!
[16:04:59] [Render thread/WARN]: Registry entry listened Registry Entry [minecraft:entity_type / meadow:water_buffalo] was not realized!
[16:04:59] [Render thread/WARN]: Registry entry listened Registry Entry [minecraft:entity_type / meadow:wooly_sheep] was not realized!
[16:04:59] [Render thread/WARN]: Registry entry listened Registry Entry [minecraft:entity_type / vinery:wandering_winemaker] was not realized!
[16:04:59] [Render thread/WARN]: Registry entry listened Registry Entry [minecraft:entity_type / vinery:mule] was not realized!
[16:04:59] [Render thread/WARN]: Registry entry listened Registry Entry [minecraft:entity_type / bakery:wandering_baker] was not realized!
[16:04:59] [Render thread/WARN]: Registry entry listened Registry Entry [minecraft:entity_type / meadow:wooly_cow] was not realized!
[16:04:59] [Render thread/WARN]: Registry entry listened Registry Entry [minecraft:entity_type / brewery:beer_elemental] was not realized!
[16:04:59] [Render thread/WARN]: Registry entry listened Registry Entry [minecraft:entity_type / meadow:water_buffalo] was not realized!
[16:04:59] [Render thread/WARN]: Registry entry listened Registry Entry [minecraft:entity_type / meadow:wooly_sheep] was not realized!
[16:04:59] [Render thread/WARN]: Registry entry listened Registry Entry [minecraft:entity_type / bakery:wandering_baker] was not realized!
[16:04:59] [Render thread/WARN]: Registry entry listened Registry Entry [minecraft:entity_type / meadow:wooly_cow] was not realized!
[16:04:59] [Render thread/WARN]: Registry entry listened Registry Entry [minecraft:entity_type / brewery:beer_elemental] was not realized!
[16:04:59] [Render thread/WARN]: Registry entry listened Registry Entry [minecraft:entity_type / meadow:water_buffalo] was not realized!
[16:04:59] [Render thread/WARN]: Registry entry listened Registry Entry [minecraft:entity_type / meadow:wooly_sheep] was not realized!
[16:04:59] [Render thread/WARN]: Registry entry listened Registry Entry [minecraft:entity_type / bakery:wandering_baker] was not realized!
[16:04:59] [Render thread/WARN]: Registry entry listened Registry Entry [minecraft:entity_type / meadow:wooly_cow] was not realized!
[16:04:59] [Render thread/WARN]: Registry entry listened Registry Entry [minecraft:entity_type / brewery:beer_elemental] was not realized!
[16:04:59] [Render thread/WARN]: Registry entry listened Registry Entry [minecraft:entity_type / meadow:water_buffalo] was not realized!
[16:04:59] [Render thread/WARN]: Registry entry listened Registry Entry [minecraft:entity_type / meadow:wooly_sheep] was not realized!
[16:04:59] [Render thread/WARN]: Registry entry listened Registry Entry [minecraft:entity_type / bakery:wandering_baker] was not realized!
[16:04:59] [Render thread/WARN]: Registry entry listened Registry Entry [minecraft:entity_type / meadow:wooly_cow] was not realized!
[16:04:59] [Render thread/WARN]: Registry entry listened Registry Entry [minecraft:entity_type / brewery:beer_elemental] was not realized!
[16:04:59] [Render thread/WARN]: Registry entry listened Registry Entry [minecraft:entity_type / meadow:water_buffalo] was not realized!
[16:04:59] [Render thread/WARN]: Registry entry listened Registry Entry [minecraft:entity_type / meadow:wooly_sheep] was not realized!
[16:04:59] [Render thread/WARN]: Registry entry listened Registry Entry [minecraft:entity_type / bakery:wandering_baker] was not realized!
[16:04:59] [Render thread/WARN]: Registry entry listened Registry Entry [minecraft:entity_type / meadow:wooly_cow] was not realized!
[16:04:59] [Render thread/WARN]: Registry entry listened Registry Entry [minecraft:entity_type / brewery:beer_elemental] was not realized!
[16:04:59] [Render thread/WARN]: Registry entry listened Registry Entry [minecraft:entity_type / meadow:water_buffalo] was not realized!
[16:04:59] [Render thread/WARN]: Registry entry listened Registry Entry [minecraft:entity_type / meadow:wooly_sheep] was not realized!
[16:04:59] [Render thread/WARN]: Registry entry listened Registry Entry [minecraft:entity_type / bakery:wandering_baker] was not realized!
[16:04:59] [Render thread/WARN]: Registry entry listened Registry Entry [minecraft:entity_type / meadow:wooly_cow] was not realized!
[16:04:59] [Render thread/WARN]: Registry entry listened Registry Entry [minecraft:entity_type / brewery:beer_elemental] was not realized!
[16:04:59] [Render thread/WARN]: Registry entry listened Registry Entry [minecraft:entity_type / meadow:water_buffalo] was not realized!
[16:04:59] [Render thread/WARN]: Registry entry listened Registry Entry [minecraft:entity_type / meadow:wooly_sheep] was not realized!
[16:04:59] [Render thread/WARN]: Registry entry listened Registry Entry [minecraft:entity_type / bakery:wandering_baker] was not realized!
[16:04:59] [Render thread/WARN]: Registry entry listened Registry Entry [minecraft:entity_type / meadow:wooly_cow] was not realized!
[16:04:59] [Render thread/WARN]: Registry entry listened Registry Entry [minecraft:entity_type / brewery:beer_elemental] was not realized!
[16:04:59] [Render thread/WARN]: Registry entry listened Registry Entry [minecraft:entity_type / meadow:water_buffalo] was not realized!
[16:04:59] [Render thread/WARN]: Registry entry listened Registry Entry [minecraft:entity_type / meadow:wooly_sheep] was not realized!
[16:04:59] [Render thread/WARN]: Registry entry listened Registry Entry [minecraft:entity_type / meadow:wooly_cow] was not realized!
[16:04:59] [Render thread/WARN]: Registry entry listened Registry Entry [minecraft:entity_type / brewery:beer_elemental] was not realized!
[16:04:59] [Render thread/WARN]: Registry entry listened Registry Entry [minecraft:entity_type / meadow:water_buffalo] was not realized!
[16:04:59] [Render thread/WARN]: Registry entry listened Registry Entry [minecraft:entity_type / meadow:wooly_sheep] was not realized!
[16:04:59] [Render thread/WARN]: Registry entry listened Registry Entry [minecraft:entity_type / meadow:wooly_cow] was not realized!
[16:04:59] [Render thread/WARN]: Registry entry listened Registry Entry [minecraft:entity_type / brewery:beer_elemental] was not realized!
[16:04:59] [Render thread/WARN]: Registry entry listened Registry Entry [minecraft:entity_type / meadow:water_buffalo] was not realized!
[16:04:59] [Render thread/WARN]: Registry entry listened Registry Entry [minecraft:entity_type / meadow:wooly_sheep] was not realized!
[16:04:59] [Render thread/WARN]: Registry entry listened Registry Entry [minecraft:entity_type / meadow:wooly_cow] was not realized!
[16:04:59] [Render thread/WARN]: Registry entry listened Registry Entry [minecraft:entity_type / meadow:water_buffalo] was not realized!
[16:04:59] [Render thread/WARN]: Registry entry listened Registry Entry [minecraft:entity_type / meadow:wooly_sheep] was not realized!
[16:04:59] [Render thread/INFO]: Initialized block sets in 115ms
[16:05:03] [Render thread/INFO]: Block mekanism:basic_logistical_transporter had its color provider replaced and will not use per-vertex coloring
[16:05:03] [Render thread/INFO]: Block mekanism:advanced_logistical_transporter had its color provider replaced and will not use per-vertex coloring
[16:05:03] [Render thread/INFO]: Block mekanism:elite_logistical_transporter had its color provider replaced and will not use per-vertex coloring
[16:05:03] [Render thread/INFO]: Block mekanism:ultimate_logistical_transporter had its color provider replaced and will not use per-vertex coloring
[16:05:03] [Render thread/INFO]: Block natures_spirit:lotus_stem had its color provider replaced and will not use per-vertex coloring
[16:05:03] [Render thread/INFO]: Block minecraft:water_cauldron had its color provider replaced and will not use per-vertex coloring
[16:05:03] [Render thread/ERROR]: Mod mixin into Embeddium internals detected. This instance is now tainted. The Embeddium team does not provide any guarantee of support for issues encountered while such mods are installed.
[16:05:03] [Render thread/WARN]: Mod(s) [entity_texture_features] are modifying Embeddium class me.jellysquid.mods.sodium.client.render.vertex.buffer.SodiumBufferBuilder, which may cause instability.
[16:05:04] [Finalizer/WARN]: One or more BufferBuilders have been leaked, ModernFix will attempt to correct this.
[16:05:04] [Render thread/INFO]: Registering model layer quark:crab#main
[16:05:04] [Render thread/INFO]: Registering model layer quark:shiba#main
[16:05:04] [Render thread/INFO]: Registering model layer quark:quark_boat_chest#main
[16:05:04] [Render thread/INFO]: Registering model layer quark:wraith#main
[16:05:04] [Render thread/INFO]: Registering model layer quark:forgotten_hat#main
[16:05:04] [Render thread/INFO]: Registering model layer quark:stoneling#main
[16:05:04] [Render thread/INFO]: Registering model layer quark:toretoise#main
[16:05:04] [Render thread/INFO]: Registering model layer quark:quark_boat#main
[16:05:04] [Render thread/INFO]: Registering model layer quark:foxhound#main
[16:05:04] [Render thread/INFO]: Registering model layer quark:backpack#main
[16:05:05] [Render thread/WARN]: Setting not found: [XP] Fix Waypoint Load Bug
[16:05:05] [Render thread/WARN]: Setting not found: [XP] Hide Invisible Entities
[16:05:05] [Render thread/INFO]: WorldTools not found. Disabling WorldTools support.
[16:05:05] [Render thread/INFO]: Waystones not found. Disabling Waystones support.
[16:05:05] [Render thread/INFO]: Fabric Waystones not found. Disabling Fabric Waystones support.
[16:05:05] [Render thread/INFO]: Baritone API not found. Disabling Baritone support.
[16:05:05] [Render thread/INFO]: HELLO from registerBindings
[16:05:06] [Render thread/INFO]: [FANCYMENU] Registering resource reload listener..
[16:05:06] [Render thread/INFO]: [FANCYMENU] Initializing screen customization engine! Addons should NOT REGISTER TO REGISTRIES anymore now!
[16:05:06] [Render thread/INFO]: fancymenu.mixins.json:client.IMixinRealmsNotificationsScreen from mod fancymenu->@Accessor[FIELD_GETTER]::get_trialAvailable_FancyMenu()Z should be static as its target is
[16:05:06] [Render thread/INFO]: fancymenu.mixins.json:client.IMixinRealmsNotificationsScreen from mod fancymenu->@Accessor[FIELD_GETTER]::get_hasUnreadNews_FancyMenu()Z should be static as its target is
[16:05:06] [Render thread/INFO]: fancymenu.mixins.json:client.IMixinRealmsNotificationsScreen from mod fancymenu->@Accessor[FIELD_GETTER]::get_hasUnseenNotifications()Z should be static as its target is
[16:05:06] [Render thread/INFO]: fancymenu.mixins.json:client.IMixinRealmsNotificationsScreen from mod fancymenu->@Accessor[FIELD_GETTER]::get_validClient_FancyMenu()Z should be static as its target is
[16:05:07] [Render thread/INFO]: [FANCYMENU] Minecraft resource reload: STARTING
[16:05:07] [Render thread/INFO]: Reloading ResourceManager: mod_resources, vanilla, fabric, Moonlight Mods Dynamic Assets, KubeJS Resource Pack [assets]
[16:05:07] [Worker-ResourceReload-0/INFO]: Starting runtime resource generation for pack type CLIENT_RESOURCES with generators from mods [suppsquared, supplementaries, supplementaries, amendments, suppsquared, moonlight]: [net.mehvahdjukaar.supplementaries.dynamicpack.ClientDynamicResourcesGenerator@14978972, net.mehvahdjukaar.amendments.client.ClientResourceGenerator@14df15c4, net.mehvahdjukaar.suppsquared.client.ClientPackProvider@aae9d32, net.mehvahdjukaar.moonlight.core.MoonlightClient$MLDynamicClientResources@1fb24e2c]
[16:05:07] [Render thread/INFO]: [DRIPPY LOADING SCREEN] Initializing fonts for text rendering..
[16:05:07] [Worker-ResourceReload-0/INFO]: Generating runtime assets for pack Moonlight Mods Dynamic Assets (supplementaries)
[16:05:07] [Render thread/INFO]: [FANCYMENU] ScreenCustomizationLayer registered: drippy_loading_overlay
[16:05:07] [Render thread/INFO]: [FANCYMENU] Starting late client initialization phase..
[16:05:07] [Render thread/INFO]: Dynamic FPS 3.11.3 active on Forge!
[16:05:07] [Render thread/INFO]: [FANCYMENU] ScreenCustomizationLayer registered: org.betterx.bclib.client.gui.screens.WelcomeScreen
[16:05:07] [Render thread/INFO]: Forge only mixins are working for Better Totem of Undying!
[16:05:07] [Render thread/INFO]: Common mixins are working for Better Totem of Undying on Forge!
[16:05:07] [Render thread/INFO]: Client resource reload complete!
[16:05:08] [Render thread/INFO]: Starting DragonLib Network Manager (Client) worker thread...
[16:05:08] [DragonLib Network Manager (Client)/INFO]: DragonLib Network Manager (Client) worker thread has been started.
[16:05:09] [Worker-Main-2/INFO]: Found unifont_all_no_pua-15.0.06.hex, loading
[16:05:09] [Worker-ResourceReload-0/INFO]: Generated runtime CLIENT_RESOURCES for pack Moonlight Mods Dynamic Assets (supplementaries) in: 1926 ms (multithreaded)
[16:05:09] [Worker-ResourceReload-0/INFO]: Generating runtime assets for pack Moonlight Mods Dynamic Assets (amendments)
[16:05:09] [Worker-ResourceReload-0/INFO]: Generated runtime CLIENT_RESOURCES for pack Moonlight Mods Dynamic Assets (amendments) in: 241 ms (multithreaded)
[16:05:09] [Worker-ResourceReload-0/INFO]: Generating runtime assets for pack Moonlight Mods Dynamic Assets (suppsquared)
[16:05:09] [Worker-ResourceReload-0/INFO]: Generated runtime CLIENT_RESOURCES for pack Moonlight Mods Dynamic Assets (suppsquared) in: 115 ms (multithreaded)
[16:05:09] [Worker-ResourceReload-0/INFO]: Generating runtime assets for pack Moonlight Mods Dynamic Assets (moonlight)
[16:05:09] [Worker-ResourceReload-0/INFO]: Generated runtime CLIENT_RESOURCES for pack Moonlight Mods Dynamic Assets (moonlight) in: 4 ms (multithreaded)
[16:05:09] [Worker-ResourceReload-0/INFO]: Finished runtime resources generation for 6 packs in a total of 2294 ms
[16:05:09] [Render thread/INFO]: [EMF]: EMF did not find the Iris API, disabling shadow pass detection
[16:05:10] [Worker-ResourceReload-6/WARN]: File supplementaries:sounds/item/awning_bounce_1.ogg does not exist, cannot add it to event supplementaries:block.awning.bounce
[16:05:10] [Worker-ResourceReload-6/WARN]: File supplementaries:sounds/item/awning_bounce_2.ogg does not exist, cannot add it to event supplementaries:block.awning.bounce
[16:05:10] [Worker-ResourceReload-6/WARN]: File supplementaries:sounds/item/awning_bounce_3.ogg does not exist, cannot add it to event supplementaries:block.awning.bounce
[16:05:10] [Worker-ResourceReload-5/INFO]: Found unifont_all_no_pua-15.0.06.hex, loading
[16:05:11] [modloading-worker-0/INFO]: Loaded Tom's Simple Storage config file toms_storage-common.toml
[16:05:12] [modloading-worker-0/INFO]: Mod file craftingtweaks has registered com.tom.storagemod.gui.CraftingTerminalMenu of toms_storage with CraftingTweaks
[16:05:13] [Worker-ResourceReload-6/ERROR]: Failed to load model tfmg:models/block/encased_shaft/block.json
com.google.gson.JsonParseException: JSON data was null or empty
	at net.minecraft.util.GsonHelper.m_263475_(GsonHelper.java:533) ~[client-1.20.1-20230612.114412-srg.jar%23622!/:?]
	at net.minecraft.util.GsonHelper.m_13776_(GsonHelper.java:581) ~[client-1.20.1-20230612.114412-srg.jar%23622!/:?]
	at net.minecraft.client.renderer.block.model.BlockModel.m_111461_(BlockModel.java:74) ~[client-1.20.1-20230612.114412-srg.jar%23622!/:?]
	at net.minecraft.client.resources.model.ModelManager.m_246478_(ModelManager.java:110) ~[client-1.20.1-20230612.114412-srg.jar%23622!/:?]
	at java.util.concurrent.CompletableFuture$AsyncSupply.run(Unknown Source) ~[?:?]
	at java.util.concurrent.CompletableFuture$AsyncSupply.exec(Unknown Source) ~[?:?]
	at java.util.concurrent.ForkJoinTask.doExec(Unknown Source) ~[?:?]
	at java.util.concurrent.ForkJoinPool$WorkQueue.topLevelExec(Unknown Source) ~[?:?]
	at java.util.concurrent.ForkJoinPool.scan(Unknown Source) ~[?:?]
	at java.util.concurrent.ForkJoinPool.runWorker(Unknown Source) ~[?:?]
	at java.util.concurrent.ForkJoinWorkerThread.run(Unknown Source) ~[?:?]
[16:05:13] [Worker-ResourceReload-6/ERROR]: Failed to load model tfmg:models/block/encased_shaft/item.json
com.google.gson.JsonParseException: JSON data was null or empty
	at net.minecraft.util.GsonHelper.m_263475_(GsonHelper.java:533) ~[client-1.20.1-20230612.114412-srg.jar%23622!/:?]
	at net.minecraft.util.GsonHelper.m_13776_(GsonHelper.java:581) ~[client-1.20.1-20230612.114412-srg.jar%23622!/:?]
	at net.minecraft.client.renderer.block.model.BlockModel.m_111461_(BlockModel.java:74) ~[client-1.20.1-20230612.114412-srg.jar%23622!/:?]
	at net.minecraft.client.resources.model.ModelManager.m_246478_(ModelManager.java:110) ~[client-1.20.1-20230612.114412-srg.jar%23622!/:?]
	at java.util.concurrent.CompletableFuture$AsyncSupply.run(Unknown Source) ~[?:?]
	at java.util.concurrent.CompletableFuture$AsyncSupply.exec(Unknown Source) ~[?:?]
	at java.util.concurrent.ForkJoinTask.doExec(Unknown Source) ~[?:?]
	at java.util.concurrent.ForkJoinPool$WorkQueue.topLevelExec(Unknown Source) ~[?:?]
	at java.util.concurrent.ForkJoinPool.scan(Unknown Source) ~[?:?]
	at java.util.concurrent.ForkJoinPool.runWorker(Unknown Source) ~[?:?]
	at java.util.concurrent.ForkJoinWorkerThread.run(Unknown Source) ~[?:?]
[16:05:13] [Worker-ResourceReload-6/ERROR]: Failed to load model tfmg:models/block/engine_block.json
com.google.gson.JsonParseException: JSON data was null or empty
	at net.minecraft.util.GsonHelper.m_263475_(GsonHelper.java:533) ~[client-1.20.1-20230612.114412-srg.jar%23622!/:?]
	at net.minecraft.util.GsonHelper.m_13776_(GsonHelper.java:581) ~[client-1.20.1-20230612.114412-srg.jar%23622!/:?]
	at net.minecraft.client.renderer.block.model.BlockModel.m_111461_(BlockModel.java:74) ~[client-1.20.1-20230612.114412-srg.jar%23622!/:?]
	at net.minecraft.client.resources.model.ModelManager.m_246478_(ModelManager.java:110) ~[client-1.20.1-20230612.114412-srg.jar%23622!/:?]
	at java.util.concurrent.CompletableFuture$AsyncSupply.run(Unknown Source) ~[?:?]
	at java.util.concurrent.CompletableFuture$AsyncSupply.exec(Unknown Source) ~[?:?]
	at java.util.concurrent.ForkJoinTask.doExec(Unknown Source) ~[?:?]
	at java.util.concurrent.ForkJoinPool$WorkQueue.topLevelExec(Unknown Source) ~[?:?]
	at java.util.concurrent.ForkJoinPool.scan(Unknown Source) ~[?:?]
	at java.util.concurrent.ForkJoinPool.runWorker(Unknown Source) ~[?:?]
	at java.util.concurrent.ForkJoinWorkerThread.run(Unknown Source) ~[?:?]
[16:05:13] [Worker-ResourceReload-6/ERROR]: Failed to load model tfmg:models/block/fireproof_brick_reinforcement.json
com.google.gson.JsonParseException: JSON data was null or empty
	at net.minecraft.util.GsonHelper.m_263475_(GsonHelper.java:533) ~[client-1.20.1-20230612.114412-srg.jar%23622!/:?]
	at net.minecraft.util.GsonHelper.m_13776_(GsonHelper.java:581) ~[client-1.20.1-20230612.114412-srg.jar%23622!/:?]
	at net.minecraft.client.renderer.block.model.BlockModel.m_111461_(BlockModel.java:74) ~[client-1.20.1-20230612.114412-srg.jar%23622!/:?]
	at net.minecraft.client.resources.model.ModelManager.m_246478_(ModelManager.java:110) ~[client-1.20.1-20230612.114412-srg.jar%23622!/:?]
	at java.util.concurrent.CompletableFuture$AsyncSupply.run(Unknown Source) ~[?:?]
	at java.util.concurrent.CompletableFuture$AsyncSupply.exec(Unknown Source) ~[?:?]
	at java.util.concurrent.ForkJoinTask.doExec(Unknown Source) ~[?:?]
	at java.util.concurrent.ForkJoinPool$WorkQueue.topLevelExec(Unknown Source) ~[?:?]
	at java.util.concurrent.ForkJoinPool.scan(Unknown Source) ~[?:?]
	at java.util.concurrent.ForkJoinPool.runWorker(Unknown Source) ~[?:?]
	at java.util.concurrent.ForkJoinWorkerThread.run(Unknown Source) ~[?:?]
[16:05:13] [Worker-ResourceReload-6/ERROR]: Failed to load model tfmg:models/block/formwork_block/block_base.json
com.google.gson.JsonParseException: JSON data was null or empty
	at net.minecraft.util.GsonHelper.m_263475_(GsonHelper.java:533) ~[client-1.20.1-20230612.114412-srg.jar%23622!/:?]
	at net.minecraft.util.GsonHelper.m_13776_(GsonHelper.java:581) ~[client-1.20.1-20230612.114412-srg.jar%23622!/:?]
	at net.minecraft.client.renderer.block.model.BlockModel.m_111461_(BlockModel.java:74) ~[client-1.20.1-20230612.114412-srg.jar%23622!/:?]
	at net.minecraft.client.resources.model.ModelManager.m_246478_(ModelManager.java:110) ~[client-1.20.1-20230612.114412-srg.jar%23622!/:?]
	at java.util.concurrent.CompletableFuture$AsyncSupply.run(Unknown Source) ~[?:?]
	at java.util.concurrent.CompletableFuture$AsyncSupply.exec(Unknown Source) ~[?:?]
	at java.util.concurrent.ForkJoinTask.doExec(Unknown Source) ~[?:?]
	at java.util.concurrent.ForkJoinPool$WorkQueue.topLevelExec(Unknown Source) ~[?:?]
	at java.util.concurrent.ForkJoinPool.scan(Unknown Source) ~[?:?]
	at java.util.concurrent.ForkJoinPool.runWorker(Unknown Source) ~[?:?]
	at java.util.concurrent.ForkJoinWorkerThread.run(Unknown Source) ~[?:?]
[16:05:13] [Worker-ResourceReload-3/WARN]: Missing sprite: bits_n_bobs:textures/blocks/nixie_board/text_atlas.png
[16:05:14] [Worker-ResourceReload-6/ERROR]: Failed to load model tfmg:models/block/sulfuric_acid.json
com.google.gson.JsonParseException: JSON data was null or empty
	at net.minecraft.util.GsonHelper.m_263475_(GsonHelper.java:533) ~[client-1.20.1-20230612.114412-srg.jar%23622!/:?]
	at net.minecraft.util.GsonHelper.m_13776_(GsonHelper.java:581) ~[client-1.20.1-20230612.114412-srg.jar%23622!/:?]
	at net.minecraft.client.renderer.block.model.BlockModel.m_111461_(BlockModel.java:74) ~[client-1.20.1-20230612.114412-srg.jar%23622!/:?]
	at net.minecraft.client.resources.model.ModelManager.m_246478_(ModelManager.java:110) ~[client-1.20.1-20230612.114412-srg.jar%23622!/:?]
	at java.util.concurrent.CompletableFuture$AsyncSupply.run(Unknown Source) ~[?:?]
	at java.util.concurrent.CompletableFuture$AsyncSupply.exec(Unknown Source) ~[?:?]
	at java.util.concurrent.ForkJoinTask.doExec(Unknown Source) ~[?:?]
	at java.util.concurrent.ForkJoinPool$WorkQueue.topLevelExec(Unknown Source) ~[?:?]
	at java.util.concurrent.ForkJoinPool.scan(Unknown Source) ~[?:?]
	at java.util.concurrent.ForkJoinPool.runWorker(Unknown Source) ~[?:?]
	at java.util.concurrent.ForkJoinWorkerThread.run(Unknown Source) ~[?:?]
[16:05:15] [Worker-ResourceReload-5/INFO]: Loading Open Parties and Claims!
[16:05:15] [Worker-ResourceReload-6/ERROR]: Failed to load model tfmg:models/block/welding_machine/item.json
com.google.gson.JsonParseException: JSON data was null or empty
	at net.minecraft.util.GsonHelper.m_263475_(GsonHelper.java:533) ~[client-1.20.1-20230612.114412-srg.jar%23622!/:?]
	at net.minecraft.util.GsonHelper.m_13776_(GsonHelper.java:581) ~[client-1.20.1-20230612.114412-srg.jar%23622!/:?]
	at net.minecraft.client.renderer.block.model.BlockModel.m_111461_(BlockModel.java:74) ~[client-1.20.1-20230612.114412-srg.jar%23622!/:?]
	at net.minecraft.client.resources.model.ModelManager.m_246478_(ModelManager.java:110) ~[client-1.20.1-20230612.114412-srg.jar%23622!/:?]
	at java.util.concurrent.CompletableFuture$AsyncSupply.run(Unknown Source) ~[?:?]
	at java.util.concurrent.CompletableFuture$AsyncSupply.exec(Unknown Source) ~[?:?]
	at java.util.concurrent.ForkJoinTask.doExec(Unknown Source) ~[?:?]
	at java.util.concurrent.ForkJoinPool$WorkQueue.topLevelExec(Unknown Source) ~[?:?]
	at java.util.concurrent.ForkJoinPool.scan(Unknown Source) ~[?:?]
	at java.util.concurrent.ForkJoinPool.runWorker(Unknown Source) ~[?:?]
	at java.util.concurrent.ForkJoinWorkerThread.run(Unknown Source) ~[?:?]
[16:05:15] [Worker-ResourceReload-4/INFO]: Tom's Storage Setup starting
[16:05:15] [Worker-ResourceReload-4/INFO]: Initilaized Network Handler
[16:05:16] [Worker-ResourceReload-6/ERROR]: Failed to load model tfmg:models/large_steel_cogwheel_shaftless.json
com.google.gson.JsonParseException: JSON data was null or empty
	at net.minecraft.util.GsonHelper.m_263475_(GsonHelper.java:533) ~[client-1.20.1-20230612.114412-srg.jar%23622!/:?]
	at net.minecraft.util.GsonHelper.m_13776_(GsonHelper.java:581) ~[client-1.20.1-20230612.114412-srg.jar%23622!/:?]
	at net.minecraft.client.renderer.block.model.BlockModel.m_111461_(BlockModel.java:74) ~[client-1.20.1-20230612.114412-srg.jar%23622!/:?]
	at net.minecraft.client.resources.model.ModelManager.m_246478_(ModelManager.java:110) ~[client-1.20.1-20230612.114412-srg.jar%23622!/:?]
	at java.util.concurrent.CompletableFuture$AsyncSupply.run(Unknown Source) ~[?:?]
	at java.util.concurrent.CompletableFuture$AsyncSupply.exec(Unknown Source) ~[?:?]
	at java.util.concurrent.ForkJoinTask.doExec(Unknown Source) ~[?:?]
	at java.util.concurrent.ForkJoinPool$WorkQueue.topLevelExec(Unknown Source) ~[?:?]
	at java.util.concurrent.ForkJoinPool.scan(Unknown Source) ~[?:?]
	at java.util.concurrent.ForkJoinPool.runWorker(Unknown Source) ~[?:?]
	at java.util.concurrent.ForkJoinWorkerThread.run(Unknown Source) ~[?:?]
[16:05:16] [Worker-ResourceReload-1/INFO]: [voicechat] Compatibility version 20
[16:05:16] [Forge Version Check/INFO]: [advancementplaques] Starting version check at https://mc-update-check.anthonyhilyard.com/499826
[16:05:16] [Worker-ResourceReload-1/INFO]: [voicechat] Loading plugins
[16:05:16] [Worker-ResourceReload-3/WARN]: Unused frames in sprite apotheosis:items/gems/blood_lord: [9]
[16:05:16] [Worker-ResourceReload-4/INFO]: Version 10.4.16 initializing...
[16:05:16] [Worker-ResourceReload-1/INFO]: [voicechat] Loaded 0 plugin(s)
[16:05:16] [Worker-ResourceReload-1/INFO]: [voicechat] Initializing plugins
[16:05:16] [Worker-ResourceReload-1/INFO]: [voicechat] Initialized 0 plugin(s)
[16:05:16] [Worker-ResourceReload-2/INFO]: chunksending mod initialized
[16:05:17] [Worker-ResourceReload-2/INFO]: Loaded 'Mekanism: Weapons' module.
[16:05:17] [Forge Version Check/INFO]: [advancementplaques] Found status: UP_TO_DATE Current: 1.6.9 Target: null
[16:05:17] [Forge Version Check/INFO]: [gamestages] Starting version check at https://updates.blamejared.com/get?n=gamestages&gv=1.20.1
[16:05:17] [Worker-ResourceReload-2/INFO]: lootintegrations mod initialized
[16:05:17] [Worker-ResourceReload-4/INFO]: Fake player readout: UUID = 46e82cd0-d480-3d48-800a-77431ede078e, name = [Mekanism]
[16:05:17] [Worker-ResourceReload-4/INFO]: Mod loaded.
[16:05:17] [Worker-ResourceReload-4/INFO]: dragonfight mod initialized
[16:05:17] [Worker-ResourceReload-4/INFO]: Registered region minecraft:overworld to index 0 for type OVERWORLD
[16:05:17] [Worker-ResourceReload-4/INFO]: Registered region minecraft:nether to index 0 for type NETHER
[16:05:17] [Worker-ResourceReload-4/INFO]: Registered region natures_spirit:terra_ferax to index 1 for type OVERWORLD
[16:05:17] [Worker-ResourceReload-4/INFO]: Registered region natures_spirit:terra_solaris to index 2 for type OVERWORLD
[16:05:17] [Worker-ResourceReload-4/INFO]: Registered region natures_spirit:terra_flava to index 3 for type OVERWORLD
[16:05:17] [Worker-ResourceReload-4/INFO]: Registered region natures_spirit:terra_mater to index 4 for type OVERWORLD
[16:05:17] [Worker-ResourceReload-4/INFO]: Registered region natures_spirit:terra_laeta to index 5 for type OVERWORLD
[16:05:17] [Worker-ResourceReload-4/INFO]: [net.hibiscus.naturespirit.registration.NSBiomes:register:68]: Registered Resource Key for biome: sugi_forest
[16:05:17] [Worker-ResourceReload-4/INFO]: [net.hibiscus.naturespirit.registration.NSBiomes:register:68]: Registered Resource Key for biome: windswept_sugi_forest
[16:05:17] [Worker-ResourceReload-4/INFO]: [net.hibiscus.naturespirit.registration.NSBiomes:register:68]: Registered Resource Key for biome: blooming_sugi_forest
[16:05:17] [Worker-ResourceReload-4/INFO]: [net.hibiscus.naturespirit.registration.NSBiomes:register:68]: Registered Resource Key for biome: lavender_fields
[16:05:17] [Worker-ResourceReload-4/INFO]: [net.hibiscus.naturespirit.registration.NSBiomes:register:68]: Registered Resource Key for biome: marsh
[16:05:17] [Worker-ResourceReload-4/INFO]: [net.hibiscus.naturespirit.registration.NSBiomes:register:68]: Registered Resource Key for biome: bamboo_wetlands
[16:05:17] [Worker-ResourceReload-4/INFO]: [net.hibiscus.naturespirit.registration.NSBiomes:register:68]: Registered Resource Key for biome: wisteria_forest
[16:05:17] [Worker-ResourceReload-4/INFO]: [net.hibiscus.naturespirit.registration.NSBiomes:register:68]: Registered Resource Key for biome: redwood_forest
[16:05:17] [Worker-ResourceReload-4/INFO]: [net.hibiscus.naturespirit.registration.NSBiomes:register:68]: Registered Resource Key for biome: snowy_redwood_forest
[16:05:17] [Worker-ResourceReload-4/INFO]: [net.hibiscus.naturespirit.registration.NSBiomes:register:68]: Registered Resource Key for biome: aspen_forest
[16:05:17] [Worker-ResourceReload-4/INFO]: [net.hibiscus.naturespirit.registration.NSBiomes:register:68]: Registered Resource Key for biome: maple_woodlands
[16:05:17] [Worker-ResourceReload-4/INFO]: [net.hibiscus.naturespirit.registration.NSBiomes:register:68]: Registered Resource Key for biome: golden_wilds
[16:05:17] [Worker-ResourceReload-4/INFO]: [net.hibiscus.naturespirit.registration.NSBiomes:register:68]: Registered Resource Key for biome: marigold_meadows
[16:05:17] [Worker-ResourceReload-4/INFO]: [net.hibiscus.naturespirit.registration.NSBiomes:register:68]: Registered Resource Key for biome: fir_forest
[16:05:17] [Worker-ResourceReload-4/INFO]: [net.hibiscus.naturespirit.registration.NSBiomes:register:68]: Registered Resource Key for biome: snowy_fir_forest
[16:05:17] [Worker-ResourceReload-4/INFO]: [net.hibiscus.naturespirit.registration.NSBiomes:register:68]: Registered Resource Key for biome: cypress_fields
[16:05:17] [Worker-ResourceReload-4/INFO]: [net.hibiscus.naturespirit.registration.NSBiomes:register:68]: Registered Resource Key for biome: carnation_fields
[16:05:17] [Worker-ResourceReload-4/INFO]: [net.hibiscus.naturespirit.registration.NSBiomes:register:68]: Registered Resource Key for biome: stratified_desert
[16:05:17] [Worker-ResourceReload-4/INFO]: [net.hibiscus.naturespirit.registration.NSBiomes:register:68]: Registered Resource Key for biome: blooming_dunes
[16:05:17] [Worker-ResourceReload-4/INFO]: [net.hibiscus.naturespirit.registration.NSBiomes:register:68]: Registered Resource Key for biome: lively_dunes
[16:05:17] [Worker-ResourceReload-4/INFO]: [net.hibiscus.naturespirit.registration.NSBiomes:register:68]: Registered Resource Key for biome: drylands
[16:05:17] [Worker-ResourceReload-4/INFO]: [net.hibiscus.naturespirit.registration.NSBiomes:register:68]: Registered Resource Key for biome: wooded_drylands
[16:05:17] [Worker-ResourceReload-4/INFO]: [net.hibiscus.naturespirit.registration.NSBiomes:register:68]: Registered Resource Key for biome: xeric_plains
[16:05:17] [Worker-ResourceReload-4/INFO]: [net.hibiscus.naturespirit.registration.NSBiomes:register:68]: Registered Resource Key for biome: cedar_thicket
[16:05:17] [Worker-ResourceReload-4/INFO]: [net.hibiscus.naturespirit.registration.NSBiomes:register:68]: Registered Resource Key for biome: white_cliffs
[16:05:17] [Worker-ResourceReload-4/INFO]: [net.hibiscus.naturespirit.registration.NSBiomes:register:68]: Registered Resource Key for biome: prairie
[16:05:17] [Worker-ResourceReload-4/INFO]: [net.hibiscus.naturespirit.registration.NSBiomes:register:68]: Registered Resource Key for biome: oak_savanna
[16:05:17] [Worker-ResourceReload-4/INFO]: [net.hibiscus.naturespirit.registration.NSBiomes:register:68]: Registered Resource Key for biome: heather_fields
[16:05:17] [Worker-ResourceReload-4/INFO]: [net.hibiscus.naturespirit.registration.NSBiomes:register:68]: Registered Resource Key for biome: tundra
[16:05:17] [Worker-ResourceReload-4/INFO]: [net.hibiscus.naturespirit.registration.NSBiomes:register:68]: Registered Resource Key for biome: alpine_clearings
[16:05:17] [Worker-ResourceReload-4/INFO]: [net.hibiscus.naturespirit.registration.NSBiomes:register:68]: Registered Resource Key for biome: alpine_highlands
[16:05:17] [Worker-ResourceReload-4/INFO]: [net.hibiscus.naturespirit.registration.NSBiomes:register:68]: Registered Resource Key for biome: coniferous_covert
[16:05:17] [Worker-ResourceReload-4/INFO]: [net.hibiscus.naturespirit.registration.NSBiomes:register:68]: Registered Resource Key for biome: boreal_taiga
[16:05:17] [Worker-ResourceReload-4/INFO]: [net.hibiscus.naturespirit.registration.NSBiomes:register:68]: Registered Resource Key for biome: tropical_shores
[16:05:17] [Worker-ResourceReload-4/INFO]: [net.hibiscus.naturespirit.registration.NSBiomes:register:68]: Registered Resource Key for biome: tropical_woods
[16:05:17] [Worker-ResourceReload-4/INFO]: [net.hibiscus.naturespirit.registration.NSBiomes:register:68]: Registered Resource Key for biome: sparse_tropical_woods
[16:05:17] [Worker-ResourceReload-4/INFO]: [net.hibiscus.naturespirit.registration.NSBiomes:register:68]: Registered Resource Key for biome: tropical_basin
[16:05:17] [Worker-ResourceReload-4/INFO]: [net.hibiscus.naturespirit.registration.NSBiomes:register:68]: Registered Resource Key for biome: arid_savanna
[16:05:17] [Worker-ResourceReload-4/INFO]: [net.hibiscus.naturespirit.registration.NSBiomes:register:68]: Registered Resource Key for biome: scorched_dunes
[16:05:17] [Worker-ResourceReload-4/INFO]: [net.hibiscus.naturespirit.registration.NSBiomes:register:68]: Registered Resource Key for biome: flowering_shrubland
[16:05:17] [Worker-ResourceReload-4/INFO]: [net.hibiscus.naturespirit.registration.NSBiomes:register:68]: Registered Resource Key for biome: shrubland
[16:05:17] [Worker-ResourceReload-4/INFO]: [net.hibiscus.naturespirit.registration.NSBiomes:register:68]: Registered Resource Key for biome: arid_highlands
[16:05:17] [Worker-ResourceReload-4/INFO]: [net.hibiscus.naturespirit.registration.NSBiomes:register:68]: Registered Resource Key for biome: shrubby_highlands
[16:05:17] [Worker-ResourceReload-4/INFO]: [net.hibiscus.naturespirit.registration.NSBiomes:register:68]: Registered Resource Key for biome: woody_highlands
[16:05:17] [Worker-ResourceReload-4/INFO]: [net.hibiscus.naturespirit.registration.NSBiomes:register:68]: Registered Resource Key for biome: red_peaks
[16:05:17] [Worker-ResourceReload-4/INFO]: [net.hibiscus.naturespirit.registration.NSBiomes:register:68]: Registered Resource Key for biome: dusty_slopes
[16:05:17] [Worker-ResourceReload-4/INFO]: [net.hibiscus.naturespirit.registration.NSBiomes:register:68]: Registered Resource Key for biome: snowcapped_red_peaks
[16:05:17] [Worker-ResourceReload-4/INFO]: [net.hibiscus.naturespirit.registration.NSBiomes:register:68]: Registered Resource Key for biome: sleeted_slopes
[16:05:17] [Worker-ResourceReload-4/INFO]: [net.hibiscus.naturespirit.registration.NSBiomes:register:68]: Registered Resource Key for biome: blooming_highlands
[16:05:17] [Worker-ResourceReload-4/INFO]: [net.hibiscus.naturespirit.registration.NSBiomes:register:68]: Registered Resource Key for biome: chaparral
[16:05:17] [Worker-ResourceReload-4/INFO]: [net.hibiscus.naturespirit.registration.NSBiomes:register:68]: Registered Resource Key for biome: floral_ridges
[16:05:17] [Forge Version Check/INFO]: [gamestages] Found status: BETA Current: 15.0.2 Target: 15.0.2
[16:05:17] [Forge Version Check/INFO]: [searchables] Starting version check at https://updates.blamejared.com/get?n=searchables&gv=1.20.1
[16:05:17] [Forge Version Check/INFO]: [searchables] Found status: BETA Current: 1.0.3 Target: 1.0.3
[16:05:17] [Forge Version Check/INFO]: [dynamic_fps] Starting version check at https://api.lostluma.net/updates/dynamic-fps?platform=forge
[16:05:17] [Worker-ResourceReload-4/ERROR]: Failed to load book betternether:betternether_book defined by mod betternether, skipping
java.lang.IllegalArgumentException: Book betternether:betternether_book has use_resource_pack set to false. This behaviour was removed in 1.20. The book author should enable this flag and move all book contents clientside to /assets/, leaving the book.json in /data/. See https://vazkiimods.github.io/Patchouli/docs/upgrading/upgrade-guide-120 for details.
	at vazkii.patchouli.common.book.Book.<init>(Book.java:145) ~[Patchouli-1.20.1-84.1-FORGE.jar%23569!/:1.20.1-84.1-FORGE]
	at vazkii.patchouli.common.book.BookRegistry.loadBook(BookRegistry.java:90) ~[Patchouli-1.20.1-84.1-FORGE.jar%23569!/:1.20.1-84.1-FORGE]
	at vazkii.patchouli.common.book.BookRegistry.lambda$init$3(BookRegistry.java:75) ~[Patchouli-1.20.1-84.1-FORGE.jar%23569!/:1.20.1-84.1-FORGE]
	at java.util.HashMap.forEach(Unknown Source) ~[?:?]
	at vazkii.patchouli.common.book.BookRegistry.init(BookRegistry.java:70) ~[Patchouli-1.20.1-84.1-FORGE.jar%23569!/:1.20.1-84.1-FORGE]
	at vazkii.patchouli.forge.common.ForgeModInitializer.onInitialize(ForgeModInitializer.java:76) ~[Patchouli-1.20.1-84.1-FORGE.jar%23569!/:1.20.1-84.1-FORGE]
	at vazkii.patchouli.forge.common.__ForgeModInitializer_onInitialize_FMLCommonSetupEvent.invoke(.dynamic) ~[Patchouli-1.20.1-84.1-FORGE.jar%23569!/:1.20.1-84.1-FORGE]
	at net.minecraftforge.eventbus.ASMEventHandler.invoke(ASMEventHandler.java:73) ~[eventbus-6.0.5.jar%2387!/:?]
	at net.minecraftforge.eventbus.EventBus.post(EventBus.java:315) ~[eventbus-6.0.5.jar%2387!/:?]
	at net.minecraftforge.eventbus.EventBus.post(EventBus.java:296) ~[eventbus-6.0.5.jar%2387!/:?]
	at net.minecraftforge.fml.javafmlmod.FMLModContainer.acceptEvent(FMLModContainer.java:121) ~[javafmllanguage-1.20.1-47.4.10.jar%23624!/:?]
	at net.minecraftforge.fml.ModContainer.lambda$buildTransitionHandler$5(ModContainer.java:127) ~[fmlcore-1.20.1-47.4.10.jar%23623!/:?]
	at java.util.concurrent.CompletableFuture$AsyncRun.run(Unknown Source) ~[?:?]
	at java.util.concurrent.CompletableFuture$AsyncRun.exec(Unknown Source) ~[?:?]
	at java.util.concurrent.ForkJoinTask.doExec(Unknown Source) ~[?:?]
	at java.util.concurrent.ForkJoinPool$WorkQueue.topLevelExec(Unknown Source) ~[?:?]
	at java.util.concurrent.ForkJoinPool.scan(Unknown Source) ~[?:?]
	at java.util.concurrent.ForkJoinPool.runWorker(Unknown Source) ~[?:?]
	at java.util.concurrent.ForkJoinWorkerThread.run(Unknown Source) ~[?:?]
[16:05:17] [Worker-ResourceReload-2/INFO]: Loaded 'Mekanism: Tools' module.
[16:05:17] [Worker-ResourceReload-4/INFO]: Limited chunkloading initialized
[16:05:17] [Worker-ResourceReload-2/INFO]: Loading XaeroLib common 1/2!
[16:05:17] [Worker-ResourceReload-1/INFO]: Welcome to the CREATE RAILWAYS NAVIGATOR mod by MRJULSEN.
[16:05:17] [Worker-ResourceReload-2/INFO]: Create Goggles Setup
[16:05:17] [Forge Version Check/INFO]: [dynamic_fps] Found status: UP_TO_DATE Current: 3.11.3 Target: null
[16:05:17] [Forge Version Check/INFO]: [toms_storage] Starting version check at https://raw.githubusercontent.com/tom5454/Toms-Storage/master/version-check.json
[16:05:17] [Forge Version Check/INFO]: [toms_storage] Found status: BETA Current: 1.7.1 Target: 1.7.1
[16:05:17] [Forge Version Check/INFO]: [codechickenlib] Starting version check at https://version-check.covers1624.net/check/?mod=CodeChickenLib&mc=1.20.1
[16:05:17] [Worker-ResourceReload-2/INFO]: New compacting rule 4 clay_ball = 1 clay
[16:05:17] [Worker-ResourceReload-2/INFO]: New compacting rule 4 snowball = 1 snow_block
[16:05:17] [Worker-ResourceReload-2/INFO]: New compacting rule 4 glowstone_dust = 1 glowstone
[16:05:17] [Worker-ResourceReload-2/INFO]: New compacting rule 4 brick = 1 bricks
[16:05:17] [Worker-ResourceReload-2/INFO]: New compacting rule 4 nether_brick = 1 nether_bricks
[16:05:17] [Worker-ResourceReload-2/INFO]: New compacting rule 9 nether_wart = 1 nether_wart_block
[16:05:17] [Worker-ResourceReload-2/INFO]: New compacting rule 4 quartz = 1 quartz_block
[16:05:17] [Worker-ResourceReload-2/INFO]: New compacting rule 9 melon_slice = 1 melon
[16:05:17] [Worker-ResourceReload-2/INFO]: New compacting rule 4 sand = 1 sandstone
[16:05:17] [Worker-ResourceReload-2/INFO]: New compacting rule 4 red_sand = 1 red_sandstone
[16:05:17] [Worker-ResourceReload-2/INFO]: New compacting rule 4 clay_ball = 1 clay
[16:05:17] [Worker-ResourceReload-2/INFO]: betterchunkloading mod initialized
[16:05:18] [Worker-ResourceReload-2/WARN]: Invalid frame index on sprite tfmg:block/gas_lamp_fire frame 0: 16
[16:05:18] [Worker-ResourceReload-2/WARN]: Invalid frame index on sprite tfmg:block/gas_lamp_fire frame 1: 17
[16:05:18] [Worker-ResourceReload-2/WARN]: Invalid frame index on sprite tfmg:block/gas_lamp_fire frame 2: 18
[16:05:18] [Worker-ResourceReload-2/WARN]: Invalid frame index on sprite tfmg:block/gas_lamp_fire frame 3: 19
[16:05:18] [Worker-ResourceReload-2/WARN]: Invalid frame index on sprite tfmg:block/gas_lamp_fire frame 4: 20
[16:05:18] [Worker-ResourceReload-2/WARN]: Invalid frame index on sprite tfmg:block/gas_lamp_fire frame 5: 21
[16:05:18] [Worker-ResourceReload-2/WARN]: Invalid frame index on sprite tfmg:block/gas_lamp_fire frame 6: 22
[16:05:18] [Worker-ResourceReload-2/WARN]: Invalid frame index on sprite tfmg:block/gas_lamp_fire frame 7: 23
[16:05:18] [Worker-ResourceReload-2/WARN]: Invalid frame index on sprite tfmg:block/gas_lamp_fire frame 8: 24
[16:05:18] [Worker-ResourceReload-2/WARN]: Invalid frame index on sprite tfmg:block/gas_lamp_fire frame 9: 25
[16:05:18] [Worker-ResourceReload-2/WARN]: Invalid frame index on sprite tfmg:block/gas_lamp_fire frame 10: 26
[16:05:18] [Worker-ResourceReload-2/WARN]: Invalid frame index on sprite tfmg:block/gas_lamp_fire frame 11: 27
[16:05:18] [Worker-ResourceReload-2/WARN]: Invalid frame index on sprite tfmg:block/gas_lamp_fire frame 12: 28
[16:05:18] [Worker-ResourceReload-2/WARN]: Invalid frame index on sprite tfmg:block/gas_lamp_fire frame 13: 29
[16:05:18] [Worker-ResourceReload-2/WARN]: Invalid frame index on sprite tfmg:block/gas_lamp_fire frame 14: 30
[16:05:18] [Worker-ResourceReload-2/WARN]: Invalid frame index on sprite tfmg:block/gas_lamp_fire frame 15: 31
[16:05:18] [Worker-ResourceReload-2/WARN]: Invalid frame index on sprite tfmg:block/gas_lamp_fire frame 24: 8
[16:05:18] [Worker-ResourceReload-2/WARN]: Invalid frame index on sprite tfmg:block/gas_lamp_fire frame 25: 9
[16:05:18] [Worker-ResourceReload-2/WARN]: Invalid frame index on sprite tfmg:block/gas_lamp_fire frame 26: 10
[16:05:18] [Worker-ResourceReload-2/WARN]: Invalid frame index on sprite tfmg:block/gas_lamp_fire frame 27: 11
[16:05:18] [Worker-ResourceReload-2/WARN]: Invalid frame index on sprite tfmg:block/gas_lamp_fire frame 28: 12
[16:05:18] [Worker-ResourceReload-2/WARN]: Invalid frame index on sprite tfmg:block/gas_lamp_fire frame 29: 13
[16:05:18] [Worker-ResourceReload-2/WARN]: Invalid frame index on sprite tfmg:block/gas_lamp_fire frame 30: 14
[16:05:18] [Worker-ResourceReload-2/WARN]: Invalid frame index on sprite tfmg:block/gas_lamp_fire frame 31: 15
[16:05:18] [Worker-ResourceReload-1/INFO]: Setting game stages provider implementation to: KubeJS Stages
[16:05:18] [Worker-ResourceReload-1/INFO]: Chose [KubeJS Stages] as the active game stages implementation
[16:05:18] [Worker-ResourceReload-1/INFO]: Chose [FALLBACK] as the active permissions implementation
[16:05:18] [Worker-ResourceReload-1/INFO]: [FTB Quests] recipe helper provider is [JEI]
[16:05:18] [Worker-ResourceReload-1/INFO]: [FTB Quests] Enabled Item Filters integration
[16:05:18] [Forge Version Check/INFO]: [codechickenlib] Found status: UP_TO_DATE Current: 4.4.0.516 Target: null
[16:05:18] [Forge Version Check/INFO]: [nebs] Starting version check at https://infernalstudios.org/api/mods/nekosenchantedbooks/forge
[16:05:18] [Forge Version Check/INFO]: [nebs] Found status: AHEAD Current: 2.0.3 Target: null
[16:05:18] [Forge Version Check/INFO]: [radium] Starting version check at https://api.modrinth.com/updates/radium/forge_updates.json
[16:05:19] [Forge Version Check/INFO]: [radium] Found status: AHEAD Current: 0.12.4+git.26c9d8e Target: null
[16:05:19] [Forge Version Check/INFO]: [forge] Starting version check at https://files.minecraftforge.net/net/minecraftforge/forge/promotions_slim.json
[16:05:19] [Worker-ResourceReload-5/INFO]: Got request to register class com.sk89q.worldedit.forge.ForgePlatform with WorldEdit [com.sk89q.worldedit.extension.platform.PlatformManager@6ffc7cce]
[16:05:19] [Worker-ResourceReload-5/INFO]: WorldEdit for Forge (version 7.2.15+6463-5ca4dff) is loaded
[16:05:19] [Worker-ResourceReload-2/WARN]: Texture tfmg:block/diagonal_cable_block with size 24x24 limits mip level from 4 to 3
[16:05:19] [Forge Version Check/INFO]: [forge] Found status: UP_TO_DATE Current: 47.4.10 Target: null
[16:05:19] [Forge Version Check/INFO]: [voicechat] Starting version check at https://update.maxhenkel.de/forge/voicechat
[16:05:19] [Worker-ResourceReload-2/WARN]: Texture chisel_chipped_integration:block/factory_blue_framed_circuit_ctm/vertical with size 16x15 limits mip level from 3 to 0
[16:05:19] [Render thread/INFO]: Registering C2S receiver with id questsadditions:submit_structure
[16:05:19] [Forge Version Check/INFO]: [voicechat] Found status: AHEAD Current: 1.20.1-2.6.11 Target: null
[16:05:19] [Forge Version Check/INFO]: [gravestone] Starting version check at https://update.maxhenkel.de/forge/gravestone
[16:05:19] [Forge Version Check/INFO]: [gravestone] Found status: AHEAD Current: 1.20.1-1.0.35 Target: null
[16:05:19] [Render thread/WARN]: Failed to get VarHandle for class class net.minecraft.client.renderer.entity.LivingEntityRenderer with field emf$heldIteration and type class traben.entity_model_features.models.animation.EMFAnimationEntityContext$IterationContext
[16:05:19] [Forge Version Check/INFO]: [create_power_loader] Starting version check at https://raw.githubusercontent.com/hlysine/create_power_loader/main/update.json
[16:05:19] [Render thread/ERROR]: Failed to instantiate constructor.
java.lang.ExceptionInInitializerError: null
	at java.lang.Class.forName0(Native Method) ~[?:?]
	at java.lang.Class.forName(Unknown Source) ~[?:?]
	at dev.uncandango.alltheleaks.leaks.IssueManager.lambda$initiateIssues$3(IssueManager.java:166) ~[alltheleaks-1.1.1+1.20.1-forge.jar%23396!/:1.1.1+1.20.1-forge]
	at java.util.ArrayList.forEach(Unknown Source) ~[?:?]
	at dev.uncandango.alltheleaks.leaks.IssueManager.initiateIssues(IssueManager.java:164) ~[alltheleaks-1.1.1+1.20.1-forge.jar%23396!/:1.1.1+1.20.1-forge]
	at java.util.concurrent.CompletableFuture$AsyncRun.run(Unknown Source) ~[?:?]
	at net.minecraftforge.fml.DeferredWorkQueue.lambda$makeRunnable$2(DeferredWorkQueue.java:81) ~[fmlcore-1.20.1-47.4.10.jar%23623!/:?]
	at net.minecraftforge.fml.DeferredWorkQueue.makeRunnable(DeferredWorkQueue.java:76) ~[fmlcore-1.20.1-47.4.10.jar%23623!/:?]
	at net.minecraftforge.fml.DeferredWorkQueue.lambda$runTasks$0(DeferredWorkQueue.java:60) ~[fmlcore-1.20.1-47.4.10.jar%23623!/:?]
	at java.util.concurrent.ConcurrentLinkedDeque.forEach(Unknown Source) ~[?:?]
	at net.minecraftforge.fml.DeferredWorkQueue.runTasks(DeferredWorkQueue.java:60) ~[fmlcore-1.20.1-47.4.10.jar%23623!/:?]
	at net.minecraftforge.fml.core.ParallelTransition.lambda$finalActivityGenerator$2(ParallelTransition.java:35) ~[forge-1.20.1-47.4.10-universal.jar%23627!/:?]
	at java.util.concurrent.CompletableFuture$UniApply.tryFire(Unknown Source) ~[?:?]
	at java.util.concurrent.CompletableFuture$Completion.run(Unknown Source) ~[?:?]
	at net.minecraft.server.packs.resources.SimpleReloadInstance.m_143940_(SimpleReloadInstance.java:69) ~[client-1.20.1-20230612.114412-srg.jar%23622!/:?]
	at net.minecraft.util.thread.BlockableEventLoop.m_6367_(BlockableEventLoop.java:156) ~[client-1.20.1-20230612.114412-srg.jar%23622!/:?]
	at net.minecraft.util.thread.ReentrantBlockableEventLoop.m_6367_(ReentrantBlockableEventLoop.java:23) ~[client-1.20.1-20230612.114412-srg.jar%23622!/:?]
	at net.minecraft.util.thread.BlockableEventLoop.m_7245_(BlockableEventLoop.java:130) ~[client-1.20.1-20230612.114412-srg.jar%23622!/:?]
	at net.minecraft.util.thread.BlockableEventLoop.m_18699_(BlockableEventLoop.java:115) ~[client-1.20.1-20230612.114412-srg.jar%23622!/:?]
	at net.minecraft.client.Minecraft.m_91383_(Minecraft.java:1106) ~[client-1.20.1-20230612.114412-srg.jar%23622!/:?]
	at net.minecraft.client.Minecraft.m_91374_(Minecraft.java:718) ~[client-1.20.1-20230612.114412-srg.jar%23622!/:?]
	at net.minecraft.client.main.Main.main(Main.java:218) ~[forge-47.4.10.jar:?]
	at jdk.internal.reflect.NativeMethodAccessorImpl.invoke0(Native Method) ~[?:?]
	at jdk.internal.reflect.NativeMethodAccessorImpl.invoke(Unknown Source) ~[?:?]
	at jdk.internal.reflect.DelegatingMethodAccessorImpl.invoke(Unknown Source) ~[?:?]
	at java.lang.reflect.Method.invoke(Unknown Source) ~[?:?]
	at net.minecraftforge.fml.loading.targets.CommonLaunchHandler.runTarget(CommonLaunchHandler.java:111) ~[fmlloader-1.20.1-47.4.10.jar:?]
	at net.minecraftforge.fml.loading.targets.CommonLaunchHandler.clientService(CommonLaunchHandler.java:99) ~[fmlloader-1.20.1-47.4.10.jar:?]
	at net.minecraftforge.fml.loading.targets.CommonClientLaunchHandler.lambda$makeService$0(CommonClientLaunchHandler.java:25) ~[fmlloader-1.20.1-47.4.10.jar:?]
	at cpw.mods.modlauncher.LaunchServiceHandlerDecorator.launch(LaunchServiceHandlerDecorator.java:30) ~[modlauncher-10.0.9.jar:?]
	at cpw.mods.modlauncher.LaunchServiceHandler.launch(LaunchServiceHandler.java:53) ~[modlauncher-10.0.9.jar:?]
	at cpw.mods.modlauncher.LaunchServiceHandler.launch(LaunchServiceHandler.java:71) ~[modlauncher-10.0.9.jar:?]
	at cpw.mods.modlauncher.Launcher.run(Launcher.java:108) ~[modlauncher-10.0.9.jar:?]
	at cpw.mods.modlauncher.Launcher.main(Launcher.java:78) ~[modlauncher-10.0.9.jar:?]
	at cpw.mods.modlauncher.BootstrapLaunchConsumer.accept(BootstrapLaunchConsumer.java:26) ~[modlauncher-10.0.9.jar:?]
	at cpw.mods.modlauncher.BootstrapLaunchConsumer.accept(BootstrapLaunchConsumer.java:23) ~[modlauncher-10.0.9.jar:?]
	at cpw.mods.bootstraplauncher.BootstrapLauncher.main(BootstrapLauncher.java:141) ~[bootstraplauncher-1.1.2.jar:?]
Caused by: java.lang.RuntimeException: VarHandler is null
	at dev.uncandango.alltheleaks.utils.ReflectionHelper.getFieldFromClass(ReflectionHelper.java:132) ~[alltheleaks-1.1.1+1.20.1-forge.jar%23396!/:1.1.1+1.20.1-forge]
	at dev.uncandango.alltheleaks.leaks.client.mods.entity_model_features.UntrackedIssue002.<clinit>(UntrackedIssue002.java:22) ~[alltheleaks-1.1.1+1.20.1-forge.jar%23396!/:1.1.1+1.20.1-forge]
	... 37 more
[16:05:19] [Forge Version Check/INFO]: [create_power_loader] Found status: UP_TO_DATE Current: 2.0.3-mc1.20.1 Target: null
[16:05:19] [Forge Version Check/INFO]: [controlling] Starting version check at https://updates.blamejared.com/get?n=controlling&gv=1.20.1
[16:05:19] [Forge Version Check/INFO]: [controlling] Found status: BETA Current: 12.0.2 Target: 12.0.2
[16:05:19] [Forge Version Check/INFO]: [prism] Starting version check at https://mc-update-check.anthonyhilyard.com/638111
[16:05:19] [Render thread/INFO]: Common setup: Performing initial refresh of zeta's config on thread 'Render thread'
[16:05:19] [Render thread/INFO]: 'zeta' is enabling Zeta's piston structure resolver.
[16:05:19] [Render thread/INFO]: zeta's config is now ready to accept filewatcher changes
[16:05:19] [Forge Version Check/INFO]: [prism] Found status: UP_TO_DATE Current: 1.0.5 Target: null
[16:05:19] [Forge Version Check/INFO]: [bookshelf] Starting version check at https://updates.blamejared.com/get?n=bookshelf&gv=1.20.1
[16:05:19] [Forge Version Check/INFO]: [bookshelf] Found status: BETA Current: 20.2.13 Target: 20.2.13
[16:05:19] [Forge Version Check/INFO]: [equipmentcompare] Starting version check at https://mc-update-check.anthonyhilyard.com/502561
[16:05:20] [Forge Version Check/INFO]: [equipmentcompare] Found status: UP_TO_DATE Current: 1.3.7 Target: null
[16:05:20] [Forge Version Check/INFO]: [create_connected] Starting version check at https://raw.githubusercontent.com/hlysine/create_connected/main/update.json
[16:05:20] [Forge Version Check/INFO]: [create_connected] Found status: OUTDATED Current: 1.1.7-mc1.20.1 Target: 1.1.10-mc1.20.1
[16:05:20] [Forge Version Check/INFO]: [natures_spirit] Starting version check at https://api.modrinth.com/updates/WBvnqHfV/forge_updates.json
[16:05:20] [Forge Version Check/INFO]: [natures_spirit] Found status: UP_TO_DATE Current: 2.2.5-1.20.1 Target: null
[16:05:20] [Forge Version Check/INFO]: [copycats] Starting version check at https://raw.githubusercontent.com/copycats-plus/copycats/multiloader/update.json
[16:05:20] [Forge Version Check/INFO]: [copycats] Found status: AHEAD Current: 3.0.2+mc.1.20.1-forge Target: null
[16:05:20] [Forge Version Check/INFO]: [createcasing] Starting version check at https://api.modrinth.com/updates/create-encased/forge_updates.json
[16:05:20] [Forge Version Check/INFO]: [createcasing] Found status: OUTDATED Current: 1.7.2-fix1 Target: 1.7.2-fix2
[16:05:20] [Forge Version Check/INFO]: [sliceanddice] Starting version check at https://api.modrinth.com/updates/slice-and-dice/forge_updates.json
[16:05:20] [Render thread/INFO]: Initialized color sets in 163ms
[16:05:20] [Render thread/ERROR]: Fabric API detected! This is not a Fabric mod, so please dont report related issues to MoonlightLib or its dependant. This can usually happen with connector or when having a mod that does NOT have a proper Forge native implementation. This can easily lead to poor compatibility and issues. Proceed ar your own risk. 
 Mods that bundled Fabric API: [net.minecraftforge.fml.loading.moddiscovery.ModInfo@283ab206]
[16:05:20] [Render thread/INFO]: Registered region quark:biome_provider to index 6 for type OVERWORLD
[16:05:20] [Render thread/INFO]: Common setup: Performing initial refresh of quark's config on thread 'Render thread'
[16:05:20] [Render thread/INFO]: quark's config is now ready to accept filewatcher changes
[16:05:20] [Worker-ResourceReload-6/WARN]: Exception loading blockstate definition: 'create_connected:blockstates/linked_betternether_nether_reed_button.json' missing model for variant: 'create_connected:linked_betternether_nether_reed_button#face=floor,facing=west,locked=false,powered=false'
[16:05:20] [Worker-ResourceReload-6/WARN]: Exception loading blockstate definition: 'create_connected:blockstates/linked_betternether_nether_reed_button.json' missing model for variant: 'create_connected:linked_betternether_nether_reed_button#face=ceiling,facing=east,locked=true,powered=false'
[16:05:20] [Worker-ResourceReload-6/WARN]: Exception loading blockstate definition: 'create_connected:blockstates/linked_betternether_nether_reed_button.json' missing model for variant: 'create_connected:linked_betternether_nether_reed_button#face=floor,facing=north,locked=true,powered=false'
[16:05:20] [Worker-ResourceReload-6/WARN]: Exception loading blockstate definition: 'create_connected:blockstates/linked_betternether_nether_reed_button.json' missing model for variant: 'create_connected:linked_betternether_nether_reed_button#face=wall,facing=north,locked=false,powered=true'
[16:05:20] [Worker-ResourceReload-6/WARN]: Exception loading blockstate definition: 'create_connected:blockstates/linked_betternether_nether_reed_button.json' missing model for variant: 'create_connected:linked_betternether_nether_reed_button#face=floor,facing=east,locked=false,powered=false'
[16:05:20] [Worker-ResourceReload-6/WARN]: Exception loading blockstate definition: 'create_connected:blockstates/linked_betternether_nether_reed_button.json' missing model for variant: 'create_connected:linked_betternether_nether_reed_button#face=floor,facing=north,locked=true,powered=true'
[16:05:20] [Worker-ResourceReload-6/WARN]: Exception loading blockstate definition: 'create_connected:blockstates/linked_betternether_nether_reed_button.json' missing model for variant: 'create_connected:linked_betternether_nether_reed_button#face=wall,facing=south,locked=true,powered=true'
[16:05:20] [Worker-ResourceReload-6/WARN]: Exception loading blockstate definition: 'create_connected:blockstates/linked_betternether_nether_reed_button.json' missing model for variant: 'create_connected:linked_betternether_nether_reed_button#face=wall,facing=west,locked=false,powered=true'
[16:05:20] [Worker-ResourceReload-6/WARN]: Exception loading blockstate definition: 'create_connected:blockstates/linked_betternether_nether_reed_button.json' missing model for variant: 'create_connected:linked_betternether_nether_reed_button#face=ceiling,facing=west,locked=false,powered=true'
[16:05:20] [Worker-ResourceReload-6/WARN]: Exception loading blockstate definition: 'create_connected:blockstates/linked_betternether_nether_reed_button.json' missing model for variant: 'create_connected:linked_betternether_nether_reed_button#face=floor,facing=east,locked=true,powered=true'
[16:05:20] [Worker-ResourceReload-6/WARN]: Exception loading blockstate definition: 'create_connected:blockstates/linked_betternether_nether_reed_button.json' missing model for variant: 'create_connected:linked_betternether_nether_reed_button#face=ceiling,facing=north,locked=false,powered=false'
[16:05:20] [Worker-ResourceReload-6/WARN]: Exception loading blockstate definition: 'create_connected:blockstates/linked_betternether_nether_reed_button.json' missing model for variant: 'create_connected:linked_betternether_nether_reed_button#face=ceiling,facing=west,locked=true,powered=false'
[16:05:20] [Worker-ResourceReload-6/WARN]: Exception loading blockstate definition: 'create_connected:blockstates/linked_betternether_nether_reed_button.json' missing model for variant: 'create_connected:linked_betternether_nether_reed_button#face=ceiling,facing=east,locked=false,powered=true'
[16:05:20] [Worker-ResourceReload-6/WARN]: Exception loading blockstate definition: 'create_connected:blockstates/linked_betternether_nether_reed_button.json' missing model for variant: 'create_connected:linked_betternether_nether_reed_button#face=ceiling,facing=south,locked=true,powered=false'
[16:05:20] [Worker-ResourceReload-6/WARN]: Exception loading blockstate definition: 'create_connected:blockstates/linked_betternether_nether_reed_button.json' missing model for variant: 'create_connected:linked_betternether_nether_reed_button#face=floor,facing=south,locked=true,powered=false'
[16:05:20] [Worker-ResourceReload-6/WARN]: Exception loading blockstate definition: 'create_connected:blockstates/linked_betternether_nether_reed_button.json' missing model for variant: 'create_connected:linked_betternether_nether_reed_button#face=floor,facing=south,locked=false,powered=false'
[16:05:20] [Worker-ResourceReload-6/WARN]: Exception loading blockstate definition: 'create_connected:blockstates/linked_betternether_nether_reed_button.json' missing model for variant: 'create_connected:linked_betternether_nether_reed_button#face=floor,facing=west,locked=true,powered=false'
[16:05:20] [Worker-ResourceReload-6/WARN]: Exception loading blockstate definition: 'create_connected:blockstates/linked_betternether_nether_reed_button.json' missing model for variant: 'create_connected:linked_betternether_nether_reed_button#face=wall,facing=north,locked=true,powered=false'
[16:05:20] [Worker-ResourceReload-6/WARN]: Exception loading blockstate definition: 'create_connected:blockstates/linked_betternether_nether_reed_button.json' missing model for variant: 'create_connected:linked_betternether_nether_reed_button#face=wall,facing=north,locked=false,powered=false'
[16:05:20] [Worker-ResourceReload-6/WARN]: Exception loading blockstate definition: 'create_connected:blockstates/linked_betternether_nether_reed_button.json' missing model for variant: 'create_connected:linked_betternether_nether_reed_button#face=wall,facing=east,locked=true,powered=false'
[16:05:20] [Worker-ResourceReload-6/WARN]: Exception loading blockstate definition: 'create_connected:blockstates/linked_betternether_nether_reed_button.json' missing model for variant: 'create_connected:linked_betternether_nether_reed_button#face=ceiling,facing=east,locked=true,powered=true'
[16:05:20] [Worker-ResourceReload-6/WARN]: Exception loading blockstate definition: 'create_connected:blockstates/linked_betternether_nether_reed_button.json' missing model for variant: 'create_connected:linked_betternether_nether_reed_button#face=floor,facing=east,locked=false,powered=true'
[16:05:20] [Worker-ResourceReload-6/WARN]: Exception loading blockstate definition: 'create_connected:blockstates/linked_betternether_nether_reed_button.json' missing model for variant: 'create_connected:linked_betternether_nether_reed_button#face=floor,facing=west,locked=true,powered=true'
[16:05:20] [Worker-ResourceReload-6/WARN]: Exception loading blockstate definition: 'create_connected:blockstates/linked_betternether_nether_reed_button.json' missing model for variant: 'create_connected:linked_betternether_nether_reed_button#face=wall,facing=east,locked=false,powered=false'
[16:05:20] [Worker-ResourceReload-6/WARN]: Exception loading blockstate definition: 'create_connected:blockstates/linked_betternether_nether_reed_button.json' missing model for variant: 'create_connected:linked_betternether_nether_reed_button#face=ceiling,facing=north,locked=true,powered=false'
[16:05:20] [Worker-ResourceReload-6/WARN]: Exception loading blockstate definition: 'create_connected:blockstates/linked_betternether_nether_reed_button.json' missing model for variant: 'create_connected:linked_betternether_nether_reed_button#face=floor,facing=east,locked=true,powered=false'
[16:05:20] [Worker-ResourceReload-6/WARN]: Exception loading blockstate definition: 'create_connected:blockstates/linked_betternether_nether_reed_button.json' missing model for variant: 'create_connected:linked_betternether_nether_reed_button#face=wall,facing=north,locked=true,powered=true'
[16:05:20] [Worker-ResourceReload-6/WARN]: Exception loading blockstate definition: 'create_connected:blockstates/linked_betternether_nether_reed_button.json' missing model for variant: 'create_connected:linked_betternether_nether_reed_button#face=wall,facing=south,locked=true,powered=false'
[16:05:20] [Worker-ResourceReload-6/WARN]: Exception loading blockstate definition: 'create_connected:blockstates/linked_betternether_nether_reed_button.json' missing model for variant: 'create_connected:linked_betternether_nether_reed_button#face=ceiling,facing=west,locked=false,powered=false'
[16:05:20] [Worker-ResourceReload-6/WARN]: Exception loading blockstate definition: 'create_connected:blockstates/linked_betternether_nether_reed_button.json' missing model for variant: 'create_connected:linked_betternether_nether_reed_button#face=ceiling,facing=east,locked=false,powered=false'
[16:05:20] [Worker-ResourceReload-6/WARN]: Exception loading blockstate definition: 'create_connected:blockstates/linked_betternether_nether_reed_button.json' missing model for variant: 'create_connected:linked_betternether_nether_reed_button#face=wall,facing=east,locked=true,powered=true'
[16:05:20] [Worker-ResourceReload-6/WARN]: Exception loading blockstate definition: 'create_connected:blockstates/linked_betternether_nether_reed_button.json' missing model for variant: 'create_connected:linked_betternether_nether_reed_button#face=ceiling,facing=north,locked=true,powered=true'
[16:05:20] [Worker-ResourceReload-6/WARN]: Exception loading blockstate definition: 'create_connected:blockstates/linked_betternether_nether_reed_button.json' missing model for variant: 'create_connected:linked_betternether_nether_reed_button#face=ceiling,facing=west,locked=true,powered=true'
[16:05:20] [Worker-ResourceReload-6/WARN]: Exception loading blockstate definition: 'create_connected:blockstates/linked_betternether_nether_reed_button.json' missing model for variant: 'create_connected:linked_betternether_nether_reed_button#face=floor,facing=west,locked=false,powered=true'
[16:05:20] [Worker-ResourceReload-6/WARN]: Exception loading blockstate definition: 'create_connected:blockstates/linked_betternether_nether_reed_button.json' missing model for variant: 'create_connected:linked_betternether_nether_reed_button#face=wall,facing=west,locked=false,powered=false'
[16:05:20] [Worker-ResourceReload-6/WARN]: Exception loading blockstate definition: 'create_connected:blockstates/linked_betternether_nether_reed_button.json' missing model for variant: 'create_connected:linked_betternether_nether_reed_button#face=ceiling,facing=north,locked=false,powered=true'
[16:05:20] [Worker-ResourceReload-6/WARN]: Exception loading blockstate definition: 'create_connected:blockstates/linked_betternether_nether_reed_button.json' missing model for variant: 'create_connected:linked_betternether_nether_reed_button#face=ceiling,facing=south,locked=true,powered=true'
[16:05:20] [Worker-ResourceReload-6/WARN]: Exception loading blockstate definition: 'create_connected:blockstates/linked_betternether_nether_reed_button.json' missing model for variant: 'create_connected:linked_betternether_nether_reed_button#face=floor,facing=north,locked=false,powered=true'
[16:05:20] [Worker-ResourceReload-6/WARN]: Exception loading blockstate definition: 'create_connected:blockstates/linked_betternether_nether_reed_button.json' missing model for variant: 'create_connected:linked_betternether_nether_reed_button#face=floor,facing=south,locked=true,powered=true'
[16:05:20] [Worker-ResourceReload-6/WARN]: Exception loading blockstate definition: 'create_connected:blockstates/linked_betternether_nether_reed_button.json' missing model for variant: 'create_connected:linked_betternether_nether_reed_button#face=floor,facing=north,locked=false,powered=false'
[16:05:20] [Worker-ResourceReload-6/WARN]: Exception loading blockstate definition: 'create_connected:blockstates/linked_betternether_nether_reed_button.json' missing model for variant: 'create_connected:linked_betternether_nether_reed_button#face=wall,facing=south,locked=false,powered=true'
[16:05:20] [Worker-ResourceReload-6/WARN]: Exception loading blockstate definition: 'create_connected:blockstates/linked_betternether_nether_reed_button.json' missing model for variant: 'create_connected:linked_betternether_nether_reed_button#face=wall,facing=south,locked=false,powered=false'
[16:05:20] [Worker-ResourceReload-6/WARN]: Exception loading blockstate definition: 'create_connected:blockstates/linked_betternether_nether_reed_button.json' missing model for variant: 'create_connected:linked_betternether_nether_reed_button#face=wall,facing=west,locked=true,powered=false'
[16:05:20] [Worker-ResourceReload-6/WARN]: Exception loading blockstate definition: 'create_connected:blockstates/linked_betternether_nether_reed_button.json' missing model for variant: 'create_connected:linked_betternether_nether_reed_button#face=wall,facing=east,locked=false,powered=true'
[16:05:20] [Worker-ResourceReload-6/WARN]: Exception loading blockstate definition: 'create_connected:blockstates/linked_betternether_nether_reed_button.json' missing model for variant: 'create_connected:linked_betternether_nether_reed_button#face=floor,facing=south,locked=false,powered=true'
[16:05:20] [Worker-ResourceReload-6/WARN]: Exception loading blockstate definition: 'create_connected:blockstates/linked_betternether_nether_reed_button.json' missing model for variant: 'create_connected:linked_betternether_nether_reed_button#face=wall,facing=west,locked=true,powered=true'
[16:05:20] [Worker-ResourceReload-6/WARN]: Exception loading blockstate definition: 'create_connected:blockstates/linked_betternether_nether_reed_button.json' missing model for variant: 'create_connected:linked_betternether_nether_reed_button#face=ceiling,facing=south,locked=false,powered=true'
[16:05:20] [Worker-ResourceReload-6/WARN]: Exception loading blockstate definition: 'create_connected:blockstates/linked_betternether_nether_reed_button.json' missing model for variant: 'create_connected:linked_betternether_nether_reed_button#face=ceiling,facing=south,locked=false,powered=false'
[16:05:20] [Worker-ResourceReload-6/WARN]: Exception loading blockstate definition: 'create_connected:blockstates/linked_betternether_stalagnate_button.json' missing model for variant: 'create_connected:linked_betternether_stalagnate_button#face=ceiling,facing=north,locked=true,powered=false'
[16:05:20] [Worker-ResourceReload-6/WARN]: Exception loading blockstate definition: 'create_connected:blockstates/linked_betternether_stalagnate_button.json' missing model for variant: 'create_connected:linked_betternether_stalagnate_button#face=ceiling,facing=east,locked=false,powered=false'
[16:05:20] [Worker-ResourceReload-6/WARN]: Exception loading blockstate definition: 'create_connected:blockstates/linked_betternether_stalagnate_button.json' missing model for variant: 'create_connected:linked_betternether_stalagnate_button#face=ceiling,facing=west,locked=false,powered=false'
[16:05:20] [Worker-ResourceReload-6/WARN]: Exception loading blockstate definition: 'create_connected:blockstates/linked_betternether_stalagnate_button.json' missing model for variant: 'create_connected:linked_betternether_stalagnate_button#face=wall,facing=east,locked=true,powered=true'
[16:05:20] [Worker-ResourceReload-6/WARN]: Exception loading blockstate definition: 'create_connected:blockstates/linked_betternether_stalagnate_button.json' missing model for variant: 'create_connected:linked_betternether_stalagnate_button#face=ceiling,facing=north,locked=true,powered=true'
[16:05:20] [Worker-ResourceReload-6/WARN]: Exception loading blockstate definition: 'create_connected:blockstates/linked_betternether_stalagnate_button.json' missing model for variant: 'create_connected:linked_betternether_stalagnate_button#face=wall,facing=north,locked=true,powered=true'
[16:05:20] [Worker-ResourceReload-6/WARN]: Exception loading blockstate definition: 'create_connected:blockstates/linked_betternether_stalagnate_button.json' missing model for variant: 'create_connected:linked_betternether_stalagnate_button#face=ceiling,facing=west,locked=true,powered=true'
[16:05:20] [Worker-ResourceReload-6/WARN]: Exception loading blockstate definition: 'create_connected:blockstates/linked_betternether_stalagnate_button.json' missing model for variant: 'create_connected:linked_betternether_stalagnate_button#face=wall,facing=west,locked=true,powered=true'
[16:05:20] [Worker-ResourceReload-6/WARN]: Exception loading blockstate definition: 'create_connected:blockstates/linked_betternether_stalagnate_button.json' missing model for variant: 'create_connected:linked_betternether_stalagnate_button#face=floor,facing=south,locked=false,powered=true'
[16:05:20] [Worker-ResourceReload-6/WARN]: Exception loading blockstate definition: 'create_connected:blockstates/linked_betternether_stalagnate_button.json' missing model for variant: 'create_connected:linked_betternether_stalagnate_button#face=floor,facing=west,locked=false,powered=true'
[16:05:20] [Worker-ResourceReload-6/WARN]: Exception loading blockstate definition: 'create_connected:blockstates/linked_betternether_stalagnate_button.json' missing model for variant: 'create_connected:linked_betternether_stalagnate_button#face=ceiling,facing=south,locked=true,powered=true'
[16:05:20] [Worker-ResourceReload-6/WARN]: Exception loading blockstate definition: 'create_connected:blockstates/linked_betternether_stalagnate_button.json' missing model for variant: 'create_connected:linked_betternether_stalagnate_button#face=floor,facing=south,locked=true,powered=true'
[16:05:20] [Worker-ResourceReload-6/WARN]: Exception loading blockstate definition: 'create_connected:blockstates/linked_betternether_stalagnate_button.json' missing model for variant: 'create_connected:linked_betternether_stalagnate_button#face=ceiling,facing=south,locked=false,powered=false'
[16:05:20] [Worker-ResourceReload-6/WARN]: Exception loading blockstate definition: 'create_connected:blockstates/linked_betternether_stalagnate_button.json' missing model for variant: 'create_connected:linked_betternether_stalagnate_button#face=floor,facing=north,locked=false,powered=true'
[16:05:20] [Worker-ResourceReload-6/WARN]: Exception loading blockstate definition: 'create_connected:blockstates/linked_betternether_stalagnate_button.json' missing model for variant: 'create_connected:linked_betternether_stalagnate_button#face=floor,facing=east,locked=true,powered=false'
[16:05:20] [Worker-ResourceReload-6/WARN]: Exception loading blockstate definition: 'create_connected:blockstates/linked_betternether_stalagnate_button.json' missing model for variant: 'create_connected:linked_betternether_stalagnate_button#face=ceiling,facing=south,locked=false,powered=true'
[16:05:20] [Worker-ResourceReload-6/WARN]: Exception loading blockstate definition: 'create_connected:blockstates/linked_betternether_stalagnate_button.json' missing model for variant: 'create_connected:linked_betternether_stalagnate_button#face=wall,facing=west,locked=false,powered=false'
[16:05:20] [Worker-ResourceReload-6/WARN]: Exception loading blockstate definition: 'create_connected:blockstates/linked_betternether_stalagnate_button.json' missing model for variant: 'create_connected:linked_betternether_stalagnate_button#face=floor,facing=north,locked=false,powered=false'
[16:05:20] [Worker-ResourceReload-6/WARN]: Exception loading blockstate definition: 'create_connected:blockstates/linked_betternether_stalagnate_button.json' missing model for variant: 'create_connected:linked_betternether_stalagnate_button#face=wall,facing=east,locked=false,powered=true'
[16:05:20] [Worker-ResourceReload-6/WARN]: Exception loading blockstate definition: 'create_connected:blockstates/linked_betternether_stalagnate_button.json' missing model for variant: 'create_connected:linked_betternether_stalagnate_button#face=ceiling,facing=north,locked=false,powered=true'
[16:05:20] [Worker-ResourceReload-6/WARN]: Exception loading blockstate definition: 'create_connected:blockstates/linked_betternether_stalagnate_button.json' missing model for variant: 'create_connected:linked_betternether_stalagnate_button#face=floor,facing=east,locked=true,powered=true'
[16:05:20] [Worker-ResourceReload-6/WARN]: Exception loading blockstate definition: 'create_connected:blockstates/linked_betternether_stalagnate_button.json' missing model for variant: 'create_connected:linked_betternether_stalagnate_button#face=wall,facing=west,locked=true,powered=false'
[16:05:20] [Worker-ResourceReload-6/WARN]: Exception loading blockstate definition: 'create_connected:blockstates/linked_betternether_stalagnate_button.json' missing model for variant: 'create_connected:linked_betternether_stalagnate_button#face=floor,facing=north,locked=true,powered=false'
[16:05:20] [Worker-ResourceReload-6/WARN]: Exception loading blockstate definition: 'create_connected:blockstates/linked_betternether_stalagnate_button.json' missing model for variant: 'create_connected:linked_betternether_stalagnate_button#face=wall,facing=south,locked=true,powered=true'
[16:05:20] [Worker-ResourceReload-6/WARN]: Exception loading blockstate definition: 'create_connected:blockstates/linked_betternether_stalagnate_button.json' missing model for variant: 'create_connected:linked_betternether_stalagnate_button#face=wall,facing=south,locked=false,powered=true'
[16:05:20] [Worker-ResourceReload-6/WARN]: Exception loading blockstate definition: 'create_connected:blockstates/linked_betternether_stalagnate_button.json' missing model for variant: 'create_connected:linked_betternether_stalagnate_button#face=ceiling,facing=east,locked=true,powered=false'
[16:05:20] [Worker-ResourceReload-6/WARN]: Exception loading blockstate definition: 'create_connected:blockstates/linked_betternether_stalagnate_button.json' missing model for variant: 'create_connected:linked_betternether_stalagnate_button#face=floor,facing=south,locked=true,powered=false'
[16:05:20] [Worker-ResourceReload-6/WARN]: Exception loading blockstate definition: 'create_connected:blockstates/linked_betternether_stalagnate_button.json' missing model for variant: 'create_connected:linked_betternether_stalagnate_button#face=wall,facing=north,locked=false,powered=true'
[16:05:20] [Worker-ResourceReload-6/WARN]: Exception loading blockstate definition: 'create_connected:blockstates/linked_betternether_stalagnate_button.json' missing model for variant: 'create_connected:linked_betternether_stalagnate_button#face=ceiling,facing=west,locked=false,powered=true'
[16:05:20] [Worker-ResourceReload-6/WARN]: Exception loading blockstate definition: 'create_connected:blockstates/linked_betternether_stalagnate_button.json' missing model for variant: 'create_connected:linked_betternether_stalagnate_button#face=wall,facing=south,locked=false,powered=false'
[16:05:20] [Worker-ResourceReload-6/WARN]: Exception loading blockstate definition: 'create_connected:blockstates/linked_betternether_stalagnate_button.json' missing model for variant: 'create_connected:linked_betternether_stalagnate_button#face=ceiling,facing=north,locked=false,powered=false'
[16:05:20] [Worker-ResourceReload-6/WARN]: Exception loading blockstate definition: 'create_connected:blockstates/linked_betternether_stalagnate_button.json' missing model for variant: 'create_connected:linked_betternether_stalagnate_button#face=floor,facing=west,locked=false,powered=false'
[16:05:20] [Worker-ResourceReload-6/WARN]: Exception loading blockstate definition: 'create_connected:blockstates/linked_betternether_stalagnate_button.json' missing model for variant: 'create_connected:linked_betternether_stalagnate_button#face=floor,facing=north,locked=true,powered=true'
[16:05:20] [Worker-ResourceReload-6/WARN]: Exception loading blockstate definition: 'create_connected:blockstates/linked_betternether_stalagnate_button.json' missing model for variant: 'create_connected:linked_betternether_stalagnate_button#face=floor,facing=east,locked=false,powered=false'
[16:05:20] [Worker-ResourceReload-6/WARN]: Exception loading blockstate definition: 'create_connected:blockstates/linked_betternether_stalagnate_button.json' missing model for variant: 'create_connected:linked_betternether_stalagnate_button#face=wall,facing=west,locked=false,powered=true'
[16:05:20] [Worker-ResourceReload-6/WARN]: Exception loading blockstate definition: 'create_connected:blockstates/linked_betternether_stalagnate_button.json' missing model for variant: 'create_connected:linked_betternether_stalagnate_button#face=floor,facing=south,locked=false,powered=false'
[16:05:20] [Worker-ResourceReload-6/WARN]: Exception loading blockstate definition: 'create_connected:blockstates/linked_betternether_stalagnate_button.json' missing model for variant: 'create_connected:linked_betternether_stalagnate_button#face=floor,facing=west,locked=true,powered=true'
[16:05:20] [Worker-ResourceReload-6/WARN]: Exception loading blockstate definition: 'create_connected:blockstates/linked_betternether_stalagnate_button.json' missing model for variant: 'create_connected:linked_betternether_stalagnate_button#face=wall,facing=east,locked=false,powered=false'
[16:05:20] [Worker-ResourceReload-6/WARN]: Exception loading blockstate definition: 'create_connected:blockstates/linked_betternether_stalagnate_button.json' missing model for variant: 'create_connected:linked_betternether_stalagnate_button#face=wall,facing=east,locked=true,powered=false'
[16:05:20] [Worker-ResourceReload-6/WARN]: Exception loading blockstate definition: 'create_connected:blockstates/linked_betternether_stalagnate_button.json' missing model for variant: 'create_connected:linked_betternether_stalagnate_button#face=ceiling,facing=south,locked=true,powered=false'
[16:05:20] [Worker-ResourceReload-6/WARN]: Exception loading blockstate definition: 'create_connected:blockstates/linked_betternether_stalagnate_button.json' missing model for variant: 'create_connected:linked_betternether_stalagnate_button#face=floor,facing=west,locked=true,powered=false'
[16:05:20] [Worker-ResourceReload-6/WARN]: Exception loading blockstate definition: 'create_connected:blockstates/linked_betternether_stalagnate_button.json' missing model for variant: 'create_connected:linked_betternether_stalagnate_button#face=wall,facing=south,locked=true,powered=false'
[16:05:20] [Worker-ResourceReload-6/WARN]: Exception loading blockstate definition: 'create_connected:blockstates/linked_betternether_stalagnate_button.json' missing model for variant: 'create_connected:linked_betternether_stalagnate_button#face=ceiling,facing=east,locked=false,powered=true'
[16:05:20] [Worker-ResourceReload-6/WARN]: Exception loading blockstate definition: 'create_connected:blockstates/linked_betternether_stalagnate_button.json' missing model for variant: 'create_connected:linked_betternether_stalagnate_button#face=ceiling,facing=west,locked=true,powered=false'
[16:05:20] [Worker-ResourceReload-6/WARN]: Exception loading blockstate definition: 'create_connected:blockstates/linked_betternether_stalagnate_button.json' missing model for variant: 'create_connected:linked_betternether_stalagnate_button#face=wall,facing=north,locked=true,powered=false'
[16:05:20] [Worker-ResourceReload-6/WARN]: Exception loading blockstate definition: 'create_connected:blockstates/linked_betternether_stalagnate_button.json' missing model for variant: 'create_connected:linked_betternether_stalagnate_button#face=wall,facing=north,locked=false,powered=false'
[16:05:20] [Worker-ResourceReload-6/WARN]: Exception loading blockstate definition: 'create_connected:blockstates/linked_betternether_stalagnate_button.json' missing model for variant: 'create_connected:linked_betternether_stalagnate_button#face=ceiling,facing=east,locked=true,powered=true'
[16:05:20] [Worker-ResourceReload-6/WARN]: Exception loading blockstate definition: 'create_connected:blockstates/linked_betternether_stalagnate_button.json' missing model for variant: 'create_connected:linked_betternether_stalagnate_button#face=floor,facing=east,locked=false,powered=true'
[16:05:20] [Worker-ResourceReload-6/WARN]: Exception loading blockstate definition: 'create_connected:blockstates/linked_betternether_willow_button.json' missing model for variant: 'create_connected:linked_betternether_willow_button#face=floor,facing=south,locked=true,powered=true'
[16:05:20] [Worker-ResourceReload-6/WARN]: Exception loading blockstate definition: 'create_connected:blockstates/linked_betternether_willow_button.json' missing model for variant: 'create_connected:linked_betternether_willow_button#face=floor,facing=west,locked=true,powered=false'
[16:05:20] [Worker-ResourceReload-6/WARN]: Exception loading blockstate definition: 'create_connected:blockstates/linked_betternether_willow_button.json' missing model for variant: 'create_connected:linked_betternether_willow_button#face=floor,facing=north,locked=false,powered=true'
[16:05:20] [Worker-ResourceReload-6/WARN]: Exception loading blockstate definition: 'create_connected:blockstates/linked_betternether_willow_button.json' missing model for variant: 'create_connected:linked_betternether_willow_button#face=wall,facing=east,locked=true,powered=true'
[16:05:20] [Worker-ResourceReload-6/WARN]: Exception loading blockstate definition: 'create_connected:blockstates/linked_betternether_willow_button.json' missing model for variant: 'create_connected:linked_betternether_willow_button#face=ceiling,facing=south,locked=true,powered=false'
[16:05:20] [Worker-ResourceReload-6/WARN]: Exception loading blockstate definition: 'create_connected:blockstates/linked_betternether_willow_button.json' missing model for variant: 'create_connected:linked_betternether_willow_button#face=ceiling,facing=north,locked=true,powered=false'
[16:05:20] [Worker-ResourceReload-6/WARN]: Exception loading blockstate definition: 'create_connected:blockstates/linked_betternether_willow_button.json' missing model for variant: 'create_connected:linked_betternether_willow_button#face=floor,facing=west,locked=true,powered=true'
[16:05:20] [Worker-ResourceReload-6/WARN]: Exception loading blockstate definition: 'create_connected:blockstates/linked_betternether_willow_button.json' missing model for variant: 'create_connected:linked_betternether_willow_button#face=floor,facing=north,locked=false,powered=false'
[16:05:20] [Worker-ResourceReload-6/WARN]: Exception loading blockstate definition: 'create_connected:blockstates/linked_betternether_willow_button.json' missing model for variant: 'create_connected:linked_betternether_willow_button#face=ceiling,facing=east,locked=true,powered=true'
[16:05:20] [Worker-ResourceReload-6/WARN]: Exception loading blockstate definition: 'create_connected:blockstates/linked_betternether_willow_button.json' missing model for variant: 'create_connected:linked_betternether_willow_button#face=wall,facing=east,locked=false,powered=true'
[16:05:20] [Worker-ResourceReload-6/WARN]: Exception loading blockstate definition: 'create_connected:blockstates/linked_betternether_willow_button.json' missing model for variant: 'create_connected:linked_betternether_willow_button#face=ceiling,facing=east,locked=false,powered=true'
[16:05:20] [Worker-ResourceReload-6/WARN]: Exception loading blockstate definition: 'create_connected:blockstates/linked_betternether_willow_button.json' missing model for variant: 'create_connected:linked_betternether_willow_button#face=wall,facing=north,locked=false,powered=true'
[16:05:20] [Worker-ResourceReload-6/WARN]: Exception loading blockstate definition: 'create_connected:blockstates/linked_betternether_willow_button.json' missing model for variant: 'create_connected:linked_betternether_willow_button#face=ceiling,facing=west,locked=false,powered=true'
[16:05:20] [Worker-ResourceReload-6/WARN]: Exception loading blockstate definition: 'create_connected:blockstates/linked_betternether_willow_button.json' missing model for variant: 'create_connected:linked_betternether_willow_button#face=floor,facing=north,locked=true,powered=false'
[16:05:20] [Worker-ResourceReload-6/WARN]: Exception loading blockstate definition: 'create_connected:blockstates/linked_betternether_willow_button.json' missing model for variant: 'create_connected:linked_betternether_willow_button#face=floor,facing=west,locked=false,powered=true'
[16:05:20] [Worker-ResourceReload-6/WARN]: Exception loading blockstate definition: 'create_connected:blockstates/linked_betternether_willow_button.json' missing model for variant: 'create_connected:linked_betternether_willow_button#face=wall,facing=east,locked=true,powered=false'
[16:05:20] [Worker-ResourceReload-6/WARN]: Exception loading blockstate definition: 'create_connected:blockstates/linked_betternether_willow_button.json' missing model for variant: 'create_connected:linked_betternether_willow_button#face=floor,facing=south,locked=false,powered=false'
[16:05:20] [Worker-ResourceReload-6/WARN]: Exception loading blockstate definition: 'create_connected:blockstates/linked_betternether_willow_button.json' missing model for variant: 'create_connected:linked_betternether_willow_button#face=floor,facing=east,locked=true,powered=true'
[16:05:20] [Worker-ResourceReload-6/WARN]: Exception loading blockstate definition: 'create_connected:blockstates/linked_betternether_willow_button.json' missing model for variant: 'create_connected:linked_betternether_willow_button#face=ceiling,facing=east,locked=false,powered=false'
[16:05:20] [Worker-ResourceReload-6/WARN]: Exception loading blockstate definition: 'create_connected:blockstates/linked_betternether_willow_button.json' missing model for variant: 'create_connected:linked_betternether_willow_button#face=floor,facing=north,locked=true,powered=true'
[16:05:20] [Worker-ResourceReload-6/WARN]: Exception loading blockstate definition: 'create_connected:blockstates/linked_betternether_willow_button.json' missing model for variant: 'create_connected:linked_betternether_willow_button#face=ceiling,facing=north,locked=true,powered=true'
[16:05:20] [Worker-ResourceReload-6/WARN]: Exception loading blockstate definition: 'create_connected:blockstates/linked_betternether_willow_button.json' missing model for variant: 'create_connected:linked_betternether_willow_button#face=floor,facing=east,locked=false,powered=false'
[16:05:20] [Worker-ResourceReload-6/WARN]: Exception loading blockstate definition: 'create_connected:blockstates/linked_betternether_willow_button.json' missing model for variant: 'create_connected:linked_betternether_willow_button#face=floor,facing=south,locked=true,powered=false'
[16:05:20] [Worker-ResourceReload-6/WARN]: Exception loading blockstate definition: 'create_connected:blockstates/linked_betternether_willow_button.json' missing model for variant: 'create_connected:linked_betternether_willow_button#face=wall,facing=south,locked=false,powered=false'
[16:05:20] [Worker-ResourceReload-6/WARN]: Exception loading blockstate definition: 'create_connected:blockstates/linked_betternether_willow_button.json' missing model for variant: 'create_connected:linked_betternether_willow_button#face=ceiling,facing=west,locked=true,powered=false'
[16:05:20] [Worker-ResourceReload-6/WARN]: Exception loading blockstate definition: 'create_connected:blockstates/linked_betternether_willow_button.json' missing model for variant: 'create_connected:linked_betternether_willow_button#face=wall,facing=north,locked=false,powered=false'
[16:05:20] [Worker-ResourceReload-6/WARN]: Exception loading blockstate definition: 'create_connected:blockstates/linked_betternether_willow_button.json' missing model for variant: 'create_connected:linked_betternether_willow_button#face=wall,facing=north,locked=true,powered=false'
[16:05:20] [Worker-ResourceReload-6/WARN]: Exception loading blockstate definition: 'create_connected:blockstates/linked_betternether_willow_button.json' missing model for variant: 'create_connected:linked_betternether_willow_button#face=wall,facing=south,locked=true,powered=true'
[16:05:20] [Worker-ResourceReload-6/WARN]: Exception loading blockstate definition: 'create_connected:blockstates/linked_betternether_willow_button.json' missing model for variant: 'create_connected:linked_betternether_willow_button#face=wall,facing=south,locked=false,powered=true'
[16:05:20] [Worker-ResourceReload-6/WARN]: Exception loading blockstate definition: 'create_connected:blockstates/linked_betternether_willow_button.json' missing model for variant: 'create_connected:linked_betternether_willow_button#face=ceiling,facing=south,locked=true,powered=true'
[16:05:20] [Worker-ResourceReload-6/WARN]: Exception loading blockstate definition: 'create_connected:blockstates/linked_betternether_willow_button.json' missing model for variant: 'create_connected:linked_betternether_willow_button#face=wall,facing=west,locked=true,powered=true'
[16:05:20] [Worker-ResourceReload-6/WARN]: Exception loading blockstate definition: 'create_connected:blockstates/linked_betternether_willow_button.json' missing model for variant: 'create_connected:linked_betternether_willow_button#face=wall,facing=west,locked=true,powered=false'
[16:05:20] [Worker-ResourceReload-6/WARN]: Exception loading blockstate definition: 'create_connected:blockstates/linked_betternether_willow_button.json' missing model for variant: 'create_connected:linked_betternether_willow_button#face=wall,facing=east,locked=false,powered=false'
[16:05:20] [Worker-ResourceReload-6/WARN]: Exception loading blockstate definition: 'create_connected:blockstates/linked_betternether_willow_button.json' missing model for variant: 'create_connected:linked_betternether_willow_button#face=wall,facing=west,locked=false,powered=false'
[16:05:20] [Worker-ResourceReload-6/WARN]: Exception loading blockstate definition: 'create_connected:blockstates/linked_betternether_willow_button.json' missing model for variant: 'create_connected:linked_betternether_willow_button#face=ceiling,facing=north,locked=false,powered=true'
[16:05:20] [Worker-ResourceReload-6/WARN]: Exception loading blockstate definition: 'create_connected:blockstates/linked_betternether_willow_button.json' missing model for variant: 'create_connected:linked_betternether_willow_button#face=floor,facing=east,locked=false,powered=true'
[16:05:20] [Worker-ResourceReload-6/WARN]: Exception loading blockstate definition: 'create_connected:blockstates/linked_betternether_willow_button.json' missing model for variant: 'create_connected:linked_betternether_willow_button#face=wall,facing=south,locked=true,powered=false'
[16:05:20] [Worker-ResourceReload-6/WARN]: Exception loading blockstate definition: 'create_connected:blockstates/linked_betternether_willow_button.json' missing model for variant: 'create_connected:linked_betternether_willow_button#face=ceiling,facing=north,locked=false,powered=false'
[16:05:20] [Worker-ResourceReload-6/WARN]: Exception loading blockstate definition: 'create_connected:blockstates/linked_betternether_willow_button.json' missing model for variant: 'create_connected:linked_betternether_willow_button#face=ceiling,facing=south,locked=false,powered=false'
[16:05:20] [Worker-ResourceReload-6/WARN]: Exception loading blockstate definition: 'create_connected:blockstates/linked_betternether_willow_button.json' missing model for variant: 'create_connected:linked_betternether_willow_button#face=ceiling,facing=south,locked=false,powered=true'
[16:05:20] [Worker-ResourceReload-6/WARN]: Exception loading blockstate definition: 'create_connected:blockstates/linked_betternether_willow_button.json' missing model for variant: 'create_connected:linked_betternether_willow_button#face=floor,facing=south,locked=false,powered=true'
[16:05:20] [Worker-ResourceReload-6/WARN]: Exception loading blockstate definition: 'create_connected:blockstates/linked_betternether_willow_button.json' missing model for variant: 'create_connected:linked_betternether_willow_button#face=floor,facing=east,locked=true,powered=false'
[16:05:20] [Worker-ResourceReload-6/WARN]: Exception loading blockstate definition: 'create_connected:blockstates/linked_betternether_willow_button.json' missing model for variant: 'create_connected:linked_betternether_willow_button#face=ceiling,facing=east,locked=true,powered=false'
[16:05:20] [Worker-ResourceReload-6/WARN]: Exception loading blockstate definition: 'create_connected:blockstates/linked_betternether_willow_button.json' missing model for variant: 'create_connected:linked_betternether_willow_button#face=ceiling,facing=west,locked=false,powered=false'
[16:05:20] [Worker-ResourceReload-6/WARN]: Exception loading blockstate definition: 'create_connected:blockstates/linked_betternether_willow_button.json' missing model for variant: 'create_connected:linked_betternether_willow_button#face=wall,facing=west,locked=false,powered=true'
[16:05:20] [Worker-ResourceReload-6/WARN]: Exception loading blockstate definition: 'create_connected:blockstates/linked_betternether_willow_button.json' missing model for variant: 'create_connected:linked_betternether_willow_button#face=ceiling,facing=west,locked=true,powered=true'
[16:05:20] [Worker-ResourceReload-6/WARN]: Exception loading blockstate definition: 'create_connected:blockstates/linked_betternether_willow_button.json' missing model for variant: 'create_connected:linked_betternether_willow_button#face=floor,facing=west,locked=false,powered=false'
[16:05:20] [Worker-ResourceReload-6/WARN]: Exception loading blockstate definition: 'create_connected:blockstates/linked_betternether_willow_button.json' missing model for variant: 'create_connected:linked_betternether_willow_button#face=wall,facing=north,locked=true,powered=true'
[16:05:20] [Worker-ResourceReload-6/WARN]: Exception loading blockstate definition: 'create_connected:blockstates/linked_betternether_wart_button.json' missing model for variant: 'create_connected:linked_betternether_wart_button#face=ceiling,facing=west,locked=false,powered=false'
[16:05:20] [Worker-ResourceReload-6/WARN]: Exception loading blockstate definition: 'create_connected:blockstates/linked_betternether_wart_button.json' missing model for variant: 'create_connected:linked_betternether_wart_button#face=ceiling,facing=north,locked=true,powered=false'
[16:05:20] [Worker-ResourceReload-6/WARN]: Exception loading blockstate definition: 'create_connected:blockstates/linked_betternether_wart_button.json' missing model for variant: 'create_connected:linked_betternether_wart_button#face=ceiling,facing=east,locked=false,powered=false'
[16:05:20] [Worker-ResourceReload-6/WARN]: Exception loading blockstate definition: 'create_connected:blockstates/linked_betternether_wart_button.json' missing model for variant: 'create_connected:linked_betternether_wart_button#face=wall,facing=east,locked=false,powered=true'
[16:05:20] [Worker-ResourceReload-6/WARN]: Exception loading blockstate definition: 'create_connected:blockstates/linked_betternether_wart_button.json' missing model for variant: 'create_connected:linked_betternether_wart_button#face=wall,facing=north,locked=true,powered=true'
[16:05:20] [Worker-ResourceReload-6/WARN]: Exception loading blockstate definition: 'create_connected:blockstates/linked_betternether_wart_button.json' missing model for variant: 'create_connected:linked_betternether_wart_button#face=wall,facing=south,locked=true,powered=false'
[16:05:20] [Worker-ResourceReload-6/WARN]: Exception loading blockstate definition: 'create_connected:blockstates/linked_betternether_wart_button.json' missing model for variant: 'create_connected:linked_betternether_wart_button#face=ceiling,facing=west,locked=true,powered=true'
[16:05:20] [Worker-ResourceReload-6/WARN]: Exception loading blockstate definition: 'create_connected:blockstates/linked_betternether_wart_button.json' missing model for variant: 'create_connected:linked_betternether_wart_button#face=ceiling,facing=north,locked=true,powered=true'
[16:05:20] [Worker-ResourceReload-6/WARN]: Exception loading blockstate definition: 'create_connected:blockstates/linked_betternether_wart_button.json' missing model for variant: 'create_connected:linked_betternether_wart_button#face=ceiling,facing=south,locked=false,powered=true'
[16:05:20] [Worker-ResourceReload-6/WARN]: Exception loading blockstate definition: 'create_connected:blockstates/linked_betternether_wart_button.json' missing model for variant: 'create_connected:linked_betternether_wart_button#face=floor,facing=east,locked=true,powered=false'
[16:05:20] [Worker-ResourceReload-6/WARN]: Exception loading blockstate definition: 'create_connected:blockstates/linked_betternether_wart_button.json' missing model for variant: 'create_connected:linked_betternether_wart_button#face=wall,facing=west,locked=true,powered=true'
[16:05:20] [Worker-ResourceReload-6/WARN]: Exception loading blockstate definition: 'create_connected:blockstates/linked_betternether_wart_button.json' missing model for variant: 'create_connected:linked_betternether_wart_button#face=ceiling,facing=south,locked=true,powered=false'
[16:05:20] [Worker-ResourceReload-6/WARN]: Exception loading blockstate definition: 'create_connected:blockstates/linked_betternether_wart_button.json' missing model for variant: 'create_connected:linked_betternether_wart_button#face=floor,facing=west,locked=true,powered=true'
[16:05:20] [Worker-ResourceReload-6/WARN]: Exception loading blockstate definition: 'create_connected:blockstates/linked_betternether_wart_button.json' missing model for variant: 'create_connected:linked_betternether_wart_button#face=wall,facing=north,locked=true,powered=false'
[16:05:20] [Worker-ResourceReload-6/WARN]: Exception loading blockstate definition: 'create_connected:blockstates/linked_betternether_wart_button.json' missing model for variant: 'create_connected:linked_betternether_wart_button#face=wall,facing=south,locked=false,powered=false'
[16:05:20] [Worker-ResourceReload-6/WARN]: Exception loading blockstate definition: 'create_connected:blockstates/linked_betternether_wart_button.json' missing model for variant: 'create_connected:linked_betternether_wart_button#face=wall,facing=east,locked=false,powered=false'
[16:05:20] [Worker-ResourceReload-6/WARN]: Exception loading blockstate definition: 'create_connected:blockstates/linked_betternether_wart_button.json' missing model for variant: 'create_connected:linked_betternether_wart_button#face=ceiling,facing=west,locked=true,powered=false'
[16:05:20] [Worker-ResourceReload-6/WARN]: Exception loading blockstate definition: 'create_connected:blockstates/linked_betternether_wart_button.json' missing model for variant: 'create_connected:linked_betternether_wart_button#face=wall,facing=north,locked=false,powered=false'
[16:05:20] [Worker-ResourceReload-6/WARN]: Exception loading blockstate definition: 'create_connected:blockstates/linked_betternether_wart_button.json' missing model for variant: 'create_connected:linked_betternether_wart_button#face=ceiling,facing=east,locked=false,powered=true'
[16:05:20] [Worker-ResourceReload-6/WARN]: Exception loading blockstate definition: 'create_connected:blockstates/linked_betternether_wart_button.json' missing model for variant: 'create_connected:linked_betternether_wart_button#face=floor,facing=east,locked=false,powered=true'
[16:05:20] [Worker-ResourceReload-6/WARN]: Exception loading blockstate definition: 'create_connected:blockstates/linked_betternether_wart_button.json' missing model for variant: 'create_connected:linked_betternether_wart_button#face=ceiling,facing=east,locked=true,powered=true'
[16:05:20] [Worker-ResourceReload-6/WARN]: Exception loading blockstate definition: 'create_connected:blockstates/linked_betternether_wart_button.json' missing model for variant: 'create_connected:linked_betternether_wart_button#face=wall,facing=south,locked=true,powered=true'
[16:05:20] [Worker-ResourceReload-6/WARN]: Exception loading blockstate definition: 'create_connected:blockstates/linked_betternether_wart_button.json' missing model for variant: 'create_connected:linked_betternether_wart_button#face=wall,facing=east,locked=true,powered=true'
[16:05:20] [Worker-ResourceReload-6/WARN]: Exception loading blockstate definition: 'create_connected:blockstates/linked_betternether_wart_button.json' missing model for variant: 'create_connected:linked_betternether_wart_button#face=floor,facing=west,locked=true,powered=false'
[16:05:20] [Worker-ResourceReload-6/WARN]: Exception loading blockstate definition: 'create_connected:blockstates/linked_betternether_wart_button.json' missing model for variant: 'create_connected:linked_betternether_wart_button#face=ceiling,facing=north,locked=false,powered=false'
[16:05:20] [Worker-ResourceReload-6/WARN]: Exception loading blockstate definition: 'create_connected:blockstates/linked_betternether_wart_button.json' missing model for variant: 'create_connected:linked_betternether_wart_button#face=wall,facing=west,locked=false,powered=true'
[16:05:20] [Worker-ResourceReload-6/WARN]: Exception loading blockstate definition: 'create_connected:blockstates/linked_betternether_wart_button.json' missing model for variant: 'create_connected:linked_betternether_wart_button#face=ceiling,facing=east,locked=true,powered=false'
[16:05:20] [Worker-ResourceReload-6/WARN]: Exception loading blockstate definition: 'create_connected:blockstates/linked_betternether_wart_button.json' missing model for variant: 'create_connected:linked_betternether_wart_button#face=ceiling,facing=south,locked=false,powered=false'
[16:05:20] [Worker-ResourceReload-6/WARN]: Exception loading blockstate definition: 'create_connected:blockstates/linked_betternether_wart_button.json' missing model for variant: 'create_connected:linked_betternether_wart_button#face=floor,facing=north,locked=true,powered=true'
[16:05:20] [Worker-ResourceReload-6/WARN]: Exception loading blockstate definition: 'create_connected:blockstates/linked_betternether_wart_button.json' missing model for variant: 'create_connected:linked_betternether_wart_button#face=floor,facing=west,locked=false,powered=false'
[16:05:20] [Worker-ResourceReload-6/WARN]: Exception loading blockstate definition: 'create_connected:blockstates/linked_betternether_wart_button.json' missing model for variant: 'create_connected:linked_betternether_wart_button#face=floor,facing=east,locked=false,powered=false'
[16:05:20] [Worker-ResourceReload-6/WARN]: Exception loading blockstate definition: 'create_connected:blockstates/linked_betternether_wart_button.json' missing model for variant: 'create_connected:linked_betternether_wart_button#face=wall,facing=east,locked=true,powered=false'
[16:05:20] [Worker-ResourceReload-6/WARN]: Exception loading blockstate definition: 'create_connected:blockstates/linked_betternether_wart_button.json' missing model for variant: 'create_connected:linked_betternether_wart_button#face=floor,facing=south,locked=false,powered=true'
[16:05:20] [Worker-ResourceReload-6/WARN]: Exception loading blockstate definition: 'create_connected:blockstates/linked_betternether_wart_button.json' missing model for variant: 'create_connected:linked_betternether_wart_button#face=floor,facing=south,locked=true,powered=false'
[16:05:20] [Worker-ResourceReload-6/WARN]: Exception loading blockstate definition: 'create_connected:blockstates/linked_betternether_wart_button.json' missing model for variant: 'create_connected:linked_betternether_wart_button#face=floor,facing=north,locked=true,powered=false'
[16:05:20] [Worker-ResourceReload-6/WARN]: Exception loading blockstate definition: 'create_connected:blockstates/linked_betternether_wart_button.json' missing model for variant: 'create_connected:linked_betternether_wart_button#face=floor,facing=north,locked=false,powered=false'
[16:05:20] [Worker-ResourceReload-6/WARN]: Exception loading blockstate definition: 'create_connected:blockstates/linked_betternether_wart_button.json' missing model for variant: 'create_connected:linked_betternether_wart_button#face=floor,facing=south,locked=false,powered=false'
[16:05:20] [Worker-ResourceReload-6/WARN]: Exception loading blockstate definition: 'create_connected:blockstates/linked_betternether_wart_button.json' missing model for variant: 'create_connected:linked_betternether_wart_button#face=wall,facing=west,locked=false,powered=false'
[16:05:20] [Worker-ResourceReload-6/WARN]: Exception loading blockstate definition: 'create_connected:blockstates/linked_betternether_wart_button.json' missing model for variant: 'create_connected:linked_betternether_wart_button#face=floor,facing=north,locked=false,powered=true'
[16:05:20] [Worker-ResourceReload-6/WARN]: Exception loading blockstate definition: 'create_connected:blockstates/linked_betternether_wart_button.json' missing model for variant: 'create_connected:linked_betternether_wart_button#face=ceiling,facing=north,locked=false,powered=true'
[16:05:20] [Worker-ResourceReload-6/WARN]: Exception loading blockstate definition: 'create_connected:blockstates/linked_betternether_wart_button.json' missing model for variant: 'create_connected:linked_betternether_wart_button#face=floor,facing=west,locked=false,powered=true'
[16:05:20] [Worker-ResourceReload-6/WARN]: Exception loading blockstate definition: 'create_connected:blockstates/linked_betternether_wart_button.json' missing model for variant: 'create_connected:linked_betternether_wart_button#face=wall,facing=south,locked=false,powered=true'
[16:05:20] [Worker-ResourceReload-6/WARN]: Exception loading blockstate definition: 'create_connected:blockstates/linked_betternether_wart_button.json' missing model for variant: 'create_connected:linked_betternether_wart_button#face=floor,facing=east,locked=true,powered=true'
[16:05:20] [Worker-ResourceReload-6/WARN]: Exception loading blockstate definition: 'create_connected:blockstates/linked_betternether_wart_button.json' missing model for variant: 'create_connected:linked_betternether_wart_button#face=wall,facing=west,locked=true,powered=false'
[16:05:20] [Worker-ResourceReload-6/WARN]: Exception loading blockstate definition: 'create_connected:blockstates/linked_betternether_wart_button.json' missing model for variant: 'create_connected:linked_betternether_wart_button#face=wall,facing=north,locked=false,powered=true'
[16:05:20] [Worker-ResourceReload-6/WARN]: Exception loading blockstate definition: 'create_connected:blockstates/linked_betternether_wart_button.json' missing model for variant: 'create_connected:linked_betternether_wart_button#face=floor,facing=south,locked=true,powered=true'
[16:05:20] [Worker-ResourceReload-6/WARN]: Exception loading blockstate definition: 'create_connected:blockstates/linked_betternether_wart_button.json' missing model for variant: 'create_connected:linked_betternether_wart_button#face=ceiling,facing=south,locked=true,powered=true'
[16:05:20] [Worker-ResourceReload-6/WARN]: Exception loading blockstate definition: 'create_connected:blockstates/linked_betternether_wart_button.json' missing model for variant: 'create_connected:linked_betternether_wart_button#face=ceiling,facing=west,locked=false,powered=true'
[16:05:20] [Worker-ResourceReload-6/WARN]: Exception loading blockstate definition: 'create_connected:blockstates/linked_betternether_rubeus_button.json' missing model for variant: 'create_connected:linked_betternether_rubeus_button#face=floor,facing=north,locked=true,powered=true'
[16:05:20] [Worker-ResourceReload-6/WARN]: Exception loading blockstate definition: 'create_connected:blockstates/linked_betternether_rubeus_button.json' missing model for variant: 'create_connected:linked_betternether_rubeus_button#face=wall,facing=west,locked=true,powered=false'
[16:05:20] [Worker-ResourceReload-6/WARN]: Exception loading blockstate definition: 'create_connected:blockstates/linked_betternether_rubeus_button.json' missing model for variant: 'create_connected:linked_betternether_rubeus_button#face=floor,facing=east,locked=true,powered=true'
[16:05:20] [Worker-ResourceReload-6/WARN]: Exception loading blockstate definition: 'create_connected:blockstates/linked_betternether_rubeus_button.json' missing model for variant: 'create_connected:linked_betternether_rubeus_button#face=floor,facing=south,locked=true,powered=false'
[16:05:20] [Worker-ResourceReload-6/WARN]: Exception loading blockstate definition: 'create_connected:blockstates/linked_betternether_rubeus_button.json' missing model for variant: 'create_connected:linked_betternether_rubeus_button#face=wall,facing=south,locked=false,powered=true'
[16:05:20] [Worker-ResourceReload-6/WARN]: Exception loading blockstate definition: 'create_connected:blockstates/linked_betternether_rubeus_button.json' missing model for variant: 'create_connected:linked_betternether_rubeus_button#face=wall,facing=south,locked=true,powered=true'
[16:05:20] [Worker-ResourceReload-6/WARN]: Exception loading blockstate definition: 'create_connected:blockstates/linked_betternether_rubeus_button.json' missing model for variant: 'create_connected:linked_betternether_rubeus_button#face=ceiling,facing=south,locked=true,powered=true'
[16:05:20] [Worker-ResourceReload-6/WARN]: Exception loading blockstate definition: 'create_connected:blockstates/linked_betternether_rubeus_button.json' missing model for variant: 'create_connected:linked_betternether_rubeus_button#face=floor,facing=west,locked=false,powered=false'
[16:05:20] [Worker-ResourceReload-6/WARN]: Exception loading blockstate definition: 'create_connected:blockstates/linked_betternether_rubeus_button.json' missing model for variant: 'create_connected:linked_betternether_rubeus_button#face=wall,facing=south,locked=false,powered=false'
[16:05:20] [Worker-ResourceReload-6/WARN]: Exception loading blockstate definition: 'create_connected:blockstates/linked_betternether_rubeus_button.json' missing model for variant: 'create_connected:linked_betternether_rubeus_button#face=wall,facing=north,locked=false,powered=true'
[16:05:20] [Worker-ResourceReload-6/WARN]: Exception loading blockstate definition: 'create_connected:blockstates/linked_betternether_rubeus_button.json' missing model for variant: 'create_connected:linked_betternether_rubeus_button#face=floor,facing=east,locked=false,powered=false'
[16:05:20] [Worker-ResourceReload-6/WARN]: Exception loading blockstate definition: 'create_connected:blockstates/linked_betternether_rubeus_button.json' missing model for variant: 'create_connected:linked_betternether_rubeus_button#face=ceiling,facing=north,locked=false,powered=false'
[16:05:20] [Worker-ResourceReload-6/WARN]: Exception loading blockstate definition: 'create_connected:blockstates/linked_betternether_rubeus_button.json' missing model for variant: 'create_connected:linked_betternether_rubeus_button#face=floor,facing=west,locked=false,powered=true'
[16:05:20] [Worker-ResourceReload-6/WARN]: Exception loading blockstate definition: 'create_connected:blockstates/linked_betternether_rubeus_button.json' missing model for variant: 'create_connected:linked_betternether_rubeus_button#face=floor,facing=south,locked=false,powered=true'
[16:05:20] [Worker-ResourceReload-6/WARN]: Exception loading blockstate definition: 'create_connected:blockstates/linked_betternether_rubeus_button.json' missing model for variant: 'create_connected:linked_betternether_rubeus_button#face=wall,facing=west,locked=true,powered=true'
[16:05:20] [Worker-ResourceReload-6/WARN]: Exception loading blockstate definition: 'create_connected:blockstates/linked_betternether_rubeus_button.json' missing model for variant: 'create_connected:linked_betternether_rubeus_button#face=ceiling,facing=west,locked=false,powered=true'
[16:05:20] [Worker-ResourceReload-6/WARN]: Exception loading blockstate definition: 'create_connected:blockstates/linked_betternether_rubeus_button.json' missing model for variant: 'create_connected:linked_betternether_rubeus_button#face=wall,facing=west,locked=false,powered=false'
[16:05:20] [Worker-ResourceReload-6/WARN]: Exception loading blockstate definition: 'create_connected:blockstates/linked_betternether_rubeus_button.json' missing model for variant: 'create_connected:linked_betternether_rubeus_button#face=ceiling,facing=north,locked=false,powered=true'
[16:05:20] [Worker-ResourceReload-6/WARN]: Exception loading blockstate definition: 'create_connected:blockstates/linked_betternether_rubeus_button.json' missing model for variant: 'create_connected:linked_betternether_rubeus_button#face=floor,facing=north,locked=false,powered=false'
[16:05:20] [Worker-ResourceReload-6/WARN]: Exception loading blockstate definition: 'create_connected:blockstates/linked_betternether_rubeus_button.json' missing model for variant: 'create_connected:linked_betternether_rubeus_button#face=floor,facing=east,locked=true,powered=false'
[16:05:20] [Worker-ResourceReload-6/WARN]: Exception loading blockstate definition: 'create_connected:blockstates/linked_betternether_rubeus_button.json' missing model for variant: 'create_connected:linked_betternether_rubeus_button#face=ceiling,facing=east,locked=true,powered=false'
[16:05:20] [Worker-ResourceReload-6/WARN]: Exception loading blockstate definition: 'create_connected:blockstates/linked_betternether_rubeus_button.json' missing model for variant: 'create_connected:linked_betternether_rubeus_button#face=ceiling,facing=south,locked=false,powered=true'
[16:05:20] [Worker-ResourceReload-6/WARN]: Exception loading blockstate definition: 'create_connected:blockstates/linked_betternether_rubeus_button.json' missing model for variant: 'create_connected:linked_betternether_rubeus_button#face=ceiling,facing=south,locked=false,powered=false'
[16:05:20] [Worker-ResourceReload-6/WARN]: Exception loading blockstate definition: 'create_connected:blockstates/linked_betternether_rubeus_button.json' missing model for variant: 'create_connected:linked_betternether_rubeus_button#face=floor,facing=north,locked=false,powered=true'
[16:05:20] [Worker-ResourceReload-6/WARN]: Exception loading blockstate definition: 'create_connected:blockstates/linked_betternether_rubeus_button.json' missing model for variant: 'create_connected:linked_betternether_rubeus_button#face=wall,facing=east,locked=false,powered=true'
[16:05:20] [Worker-ResourceReload-6/WARN]: Exception loading blockstate definition: 'create_connected:blockstates/linked_betternether_rubeus_button.json' missing model for variant: 'create_connected:linked_betternether_rubeus_button#face=wall,facing=east,locked=true,powered=true'
[16:05:20] [Worker-ResourceReload-6/WARN]: Exception loading blockstate definition: 'create_connected:blockstates/linked_betternether_rubeus_button.json' missing model for variant: 'create_connected:linked_betternether_rubeus_button#face=ceiling,facing=north,locked=true,powered=true'
[16:05:20] [Worker-ResourceReload-6/WARN]: Exception loading blockstate definition: 'create_connected:blockstates/linked_betternether_rubeus_button.json' missing model for variant: 'create_connected:linked_betternether_rubeus_button#face=ceiling,facing=east,locked=false,powered=false'
[16:05:20] [Worker-ResourceReload-6/WARN]: Exception loading blockstate definition: 'create_connected:blockstates/linked_betternether_rubeus_button.json' missing model for variant: 'create_connected:linked_betternether_rubeus_button#face=floor,facing=west,locked=true,powered=false'
[16:05:20] [Worker-ResourceReload-6/WARN]: Exception loading blockstate definition: 'create_connected:blockstates/linked_betternether_rubeus_button.json' missing model for variant: 'create_connected:linked_betternether_rubeus_button#face=ceiling,facing=west,locked=false,powered=false'
[16:05:20] [Worker-ResourceReload-6/WARN]: Exception loading blockstate definition: 'create_connected:blockstates/linked_betternether_rubeus_button.json' missing model for variant: 'create_connected:linked_betternether_rubeus_button#face=floor,facing=south,locked=true,powered=true'
[16:05:20] [Worker-ResourceReload-6/WARN]: Exception loading blockstate definition: 'create_connected:blockstates/linked_betternether_rubeus_button.json' missing model for variant: 'create_connected:linked_betternether_rubeus_button#face=floor,facing=south,locked=false,powered=false'
[16:05:20] [Worker-ResourceReload-6/WARN]: Exception loading blockstate definition: 'create_connected:blockstates/linked_betternether_rubeus_button.json' missing model for variant: 'create_connected:linked_betternether_rubeus_button#face=wall,facing=north,locked=true,powered=true'
[16:05:20] [Worker-ResourceReload-6/WARN]: Exception loading blockstate definition: 'create_connected:blockstates/linked_betternether_rubeus_button.json' missing model for variant: 'create_connected:linked_betternether_rubeus_button#face=ceiling,facing=west,locked=true,powered=true'
[16:05:20] [Worker-ResourceReload-6/WARN]: Exception loading blockstate definition: 'create_connected:blockstates/linked_betternether_rubeus_button.json' missing model for variant: 'create_connected:linked_betternether_rubeus_button#face=ceiling,facing=east,locked=true,powered=true'
[16:05:20] [Worker-ResourceReload-6/WARN]: Exception loading blockstate definition: 'create_connected:blockstates/linked_betternether_rubeus_button.json' missing model for variant: 'create_connected:linked_betternether_rubeus_button#face=wall,facing=west,locked=false,powered=true'
[16:05:20] [Worker-ResourceReload-6/WARN]: Exception loading blockstate definition: 'create_connected:blockstates/linked_betternether_rubeus_button.json' missing model for variant: 'create_connected:linked_betternether_rubeus_button#face=wall,facing=east,locked=true,powered=false'
[16:05:20] [Worker-ResourceReload-6/WARN]: Exception loading blockstate definition: 'create_connected:blockstates/linked_betternether_rubeus_button.json' missing model for variant: 'create_connected:linked_betternether_rubeus_button#face=floor,facing=north,locked=true,powered=false'
[16:05:20] [Worker-ResourceReload-6/WARN]: Exception loading blockstate definition: 'create_connected:blockstates/linked_betternether_rubeus_button.json' missing model for variant: 'create_connected:linked_betternether_rubeus_button#face=wall,facing=north,locked=true,powered=false'
[16:05:20] [Worker-ResourceReload-6/WARN]: Exception loading blockstate definition: 'create_connected:blockstates/linked_betternether_rubeus_button.json' missing model for variant: 'create_connected:linked_betternether_rubeus_button#face=ceiling,facing=south,locked=true,powered=false'
[16:05:20] [Worker-ResourceReload-6/WARN]: Exception loading blockstate definition: 'create_connected:blockstates/linked_betternether_rubeus_button.json' missing model for variant: 'create_connected:linked_betternether_rubeus_button#face=ceiling,facing=west,locked=true,powered=false'
[16:05:20] [Worker-ResourceReload-6/WARN]: Exception loading blockstate definition: 'create_connected:blockstates/linked_betternether_rubeus_button.json' missing model for variant: 'create_connected:linked_betternether_rubeus_button#face=floor,facing=west,locked=true,powered=true'
[16:05:20] [Worker-ResourceReload-6/WARN]: Exception loading blockstate definition: 'create_connected:blockstates/linked_betternether_rubeus_button.json' missing model for variant: 'create_connected:linked_betternether_rubeus_button#face=wall,facing=north,locked=false,powered=false'
[16:05:20] [Worker-ResourceReload-6/WARN]: Exception loading blockstate definition: 'create_connected:blockstates/linked_betternether_rubeus_button.json' missing model for variant: 'create_connected:linked_betternether_rubeus_button#face=wall,facing=east,locked=false,powered=false'
[16:05:20] [Worker-ResourceReload-6/WARN]: Exception loading blockstate definition: 'create_connected:blockstates/linked_betternether_rubeus_button.json' missing model for variant: 'create_connected:linked_betternether_rubeus_button#face=floor,facing=east,locked=false,powered=true'
[16:05:20] [Worker-ResourceReload-6/WARN]: Exception loading blockstate definition: 'create_connected:blockstates/linked_betternether_rubeus_button.json' missing model for variant: 'create_connected:linked_betternether_rubeus_button#face=wall,facing=south,locked=true,powered=false'
[16:05:20] [Worker-ResourceReload-6/WARN]: Exception loading blockstate definition: 'create_connected:blockstates/linked_betternether_rubeus_button.json' missing model for variant: 'create_connected:linked_betternether_rubeus_button#face=ceiling,facing=north,locked=true,powered=false'
[16:05:20] [Worker-ResourceReload-6/WARN]: Exception loading blockstate definition: 'create_connected:blockstates/linked_betternether_rubeus_button.json' missing model for variant: 'create_connected:linked_betternether_rubeus_button#face=ceiling,facing=east,locked=false,powered=true'
[16:05:20] [Worker-ResourceReload-6/WARN]: Exception loading blockstate definition: 'create_connected:blockstates/linked_betternether_mushroom_fir_button.json' missing model for variant: 'create_connected:linked_betternether_mushroom_fir_button#face=wall,facing=west,locked=true,powered=true'
[16:05:20] [Worker-ResourceReload-6/WARN]: Exception loading blockstate definition: 'create_connected:blockstates/linked_betternether_mushroom_fir_button.json' missing model for variant: 'create_connected:linked_betternether_mushroom_fir_button#face=floor,facing=west,locked=false,powered=true'
[16:05:20] [Worker-ResourceReload-6/WARN]: Exception loading blockstate definition: 'create_connected:blockstates/linked_betternether_mushroom_fir_button.json' missing model for variant: 'create_connected:linked_betternether_mushroom_fir_button#face=wall,facing=west,locked=false,powered=false'
[16:05:20] [Worker-ResourceReload-6/WARN]: Exception loading blockstate definition: 'create_connected:blockstates/linked_betternether_mushroom_fir_button.json' missing model for variant: 'create_connected:linked_betternether_mushroom_fir_button#face=wall,facing=east,locked=false,powered=false'
[16:05:20] [Worker-ResourceReload-6/WARN]: Exception loading blockstate definition: 'create_connected:blockstates/linked_betternether_mushroom_fir_button.json' missing model for variant: 'create_connected:linked_betternether_mushroom_fir_button#face=wall,facing=south,locked=true,powered=false'
[16:05:20] [Worker-ResourceReload-6/WARN]: Exception loading blockstate definition: 'create_connected:blockstates/linked_betternether_mushroom_fir_button.json' missing model for variant: 'create_connected:linked_betternether_mushroom_fir_button#face=ceiling,facing=south,locked=false,powered=true'
[16:05:20] [Worker-ResourceReload-6/WARN]: Exception loading blockstate definition: 'create_connected:blockstates/linked_betternether_mushroom_fir_button.json' missing model for variant: 'create_connected:linked_betternether_mushroom_fir_button#face=ceiling,facing=south,locked=true,powered=true'
[16:05:20] [Worker-ResourceReload-6/WARN]: Exception loading blockstate definition: 'create_connected:blockstates/linked_betternether_mushroom_fir_button.json' missing model for variant: 'create_connected:linked_betternether_mushroom_fir_button#face=floor,facing=east,locked=false,powered=true'
[16:05:20] [Worker-ResourceReload-6/WARN]: Exception loading blockstate definition: 'create_connected:blockstates/linked_betternether_mushroom_fir_button.json' missing model for variant: 'create_connected:linked_betternether_mushroom_fir_button#face=wall,facing=south,locked=true,powered=true'
[16:05:20] [Worker-ResourceReload-6/WARN]: Exception loading blockstate definition: 'create_connected:blockstates/linked_betternether_mushroom_fir_button.json' missing model for variant: 'create_connected:linked_betternether_mushroom_fir_button#face=wall,facing=south,locked=false,powered=true'
[16:05:20] [Worker-ResourceReload-6/WARN]: Exception loading blockstate definition: 'create_connected:blockstates/linked_betternether_mushroom_fir_button.json' missing model for variant: 'create_connected:linked_betternether_mushroom_fir_button#face=ceiling,facing=north,locked=false,powered=true'
[16:05:20] [Worker-ResourceReload-6/WARN]: Exception loading blockstate definition: 'create_connected:blockstates/linked_betternether_mushroom_fir_button.json' missing model for variant: 'create_connected:linked_betternether_mushroom_fir_button#face=ceiling,facing=west,locked=true,powered=false'
[16:05:20] [Worker-ResourceReload-6/WARN]: Exception loading blockstate definition: 'create_connected:blockstates/linked_betternether_mushroom_fir_button.json' missing model for variant: 'create_connected:linked_betternether_mushroom_fir_button#face=wall,facing=north,locked=true,powered=false'
[16:05:20] [Worker-ResourceReload-6/WARN]: Exception loading blockstate definition: 'create_connected:blockstates/linked_betternether_mushroom_fir_button.json' missing model for variant: 'create_connected:linked_betternether_mushroom_fir_button#face=wall,facing=north,locked=false,powered=false'
[16:05:20] [Worker-ResourceReload-6/WARN]: Exception loading blockstate definition: 'create_connected:blockstates/linked_betternether_mushroom_fir_button.json' missing model for variant: 'create_connected:linked_betternether_mushroom_fir_button#face=wall,facing=west,locked=true,powered=false'
[16:05:20] [Worker-ResourceReload-6/WARN]: Exception loading blockstate definition: 'create_connected:blockstates/linked_betternether_mushroom_fir_button.json' missing model for variant: 'create_connected:linked_betternether_mushroom_fir_button#face=floor,facing=north,locked=true,powered=true'
[16:05:20] [Worker-ResourceReload-6/WARN]: Exception loading blockstate definition: 'create_connected:blockstates/linked_betternether_mushroom_fir_button.json' missing model for variant: 'create_connected:linked_betternether_mushroom_fir_button#face=floor,facing=east,locked=false,powered=false'
[16:05:20] [Worker-ResourceReload-6/WARN]: Exception loading blockstate definition: 'create_connected:blockstates/linked_betternether_mushroom_fir_button.json' missing model for variant: 'create_connected:linked_betternether_mushroom_fir_button#face=floor,facing=north,locked=true,powered=false'
[16:05:20] [Worker-ResourceReload-6/WARN]: Exception loading blockstate definition: 'create_connected:blockstates/linked_betternether_mushroom_fir_button.json' missing model for variant: 'create_connected:linked_betternether_mushroom_fir_button#face=floor,facing=east,locked=true,powered=true'
[16:05:20] [Worker-ResourceReload-6/WARN]: Exception loading blockstate definition: 'create_connected:blockstates/linked_betternether_mushroom_fir_button.json' missing model for variant: 'create_connected:linked_betternether_mushroom_fir_button#face=ceiling,facing=north,locked=true,powered=false'
[16:05:20] [Worker-ResourceReload-6/WARN]: Exception loading blockstate definition: 'create_connected:blockstates/linked_betternether_mushroom_fir_button.json' missing model for variant: 'create_connected:linked_betternether_mushroom_fir_button#face=floor,facing=south,locked=true,powered=false'
[16:05:20] [Worker-ResourceReload-6/WARN]: Exception loading blockstate definition: 'create_connected:blockstates/linked_betternether_mushroom_fir_button.json' missing model for variant: 'create_connected:linked_betternether_mushroom_fir_button#face=ceiling,facing=south,locked=true,powered=false'
[16:05:20] [Worker-ResourceReload-6/WARN]: Exception loading blockstate definition: 'create_connected:blockstates/linked_betternether_mushroom_fir_button.json' missing model for variant: 'create_connected:linked_betternether_mushroom_fir_button#face=ceiling,facing=north,locked=true,powered=true'
[16:05:20] [Worker-ResourceReload-6/WARN]: Exception loading blockstate definition: 'create_connected:blockstates/linked_betternether_mushroom_fir_button.json' missing model for variant: 'create_connected:linked_betternether_mushroom_fir_button#face=floor,facing=south,locked=false,powered=false'
[16:05:20] [Worker-ResourceReload-6/WARN]: Exception loading blockstate definition: 'create_connected:blockstates/linked_betternether_mushroom_fir_button.json' missing model for variant: 'create_connected:linked_betternether_mushroom_fir_button#face=ceiling,facing=east,locked=false,powered=false'
[16:05:20] [Worker-ResourceReload-6/WARN]: Exception loading blockstate definition: 'create_connected:blockstates/linked_betternether_mushroom_fir_button.json' missing model for variant: 'create_connected:linked_betternether_mushroom_fir_button#face=wall,facing=west,locked=false,powered=true'
[16:05:20] [Worker-ResourceReload-6/WARN]: Exception loading blockstate definition: 'create_connected:blockstates/linked_betternether_mushroom_fir_button.json' missing model for variant: 'create_connected:linked_betternether_mushroom_fir_button#face=wall,facing=east,locked=true,powered=false'
[16:05:20] [Worker-ResourceReload-6/WARN]: Exception loading blockstate definition: 'create_connected:blockstates/linked_betternether_mushroom_fir_button.json' missing model for variant: 'create_connected:linked_betternether_mushroom_fir_button#face=floor,facing=south,locked=false,powered=true'
[16:05:20] [Worker-ResourceReload-6/WARN]: Exception loading blockstate definition: 'create_connected:blockstates/linked_betternether_mushroom_fir_button.json' missing model for variant: 'create_connected:linked_betternether_mushroom_fir_button#face=floor,facing=west,locked=true,powered=true'
[16:05:20] [Worker-ResourceReload-6/WARN]: Exception loading blockstate definition: 'create_connected:blockstates/linked_betternether_mushroom_fir_button.json' missing model for variant: 'create_connected:linked_betternether_mushroom_fir_button#face=ceiling,facing=north,locked=false,powered=false'
[16:05:20] [Worker-ResourceReload-6/WARN]: Exception loading blockstate definition: 'create_connected:blockstates/linked_betternether_mushroom_fir_button.json' missing model for variant: 'create_connected:linked_betternether_mushroom_fir_button#face=floor,facing=south,locked=true,powered=true'
[16:05:20] [Worker-ResourceReload-6/WARN]: Exception loading blockstate definition: 'create_connected:blockstates/linked_betternether_mushroom_fir_button.json' missing model for variant: 'create_connected:linked_betternether_mushroom_fir_button#face=floor,facing=west,locked=true,powered=false'
[16:05:20] [Worker-ResourceReload-6/WARN]: Exception loading blockstate definition: 'create_connected:blockstates/linked_betternether_mushroom_fir_button.json' missing model for variant: 'create_connected:linked_betternether_mushroom_fir_button#face=wall,facing=north,locked=false,powered=true'
[16:05:20] [Worker-ResourceReload-6/WARN]: Exception loading blockstate definition: 'create_connected:blockstates/linked_betternether_mushroom_fir_button.json' missing model for variant: 'create_connected:linked_betternether_mushroom_fir_button#face=ceiling,facing=south,locked=false,powered=false'
[16:05:20] [Worker-ResourceReload-6/WARN]: Exception loading blockstate definition: 'create_connected:blockstates/linked_betternether_mushroom_fir_button.json' missing model for variant: 'create_connected:linked_betternether_mushroom_fir_button#face=floor,facing=north,locked=false,powered=true'
[16:05:20] [Worker-ResourceReload-6/WARN]: Exception loading blockstate definition: 'create_connected:blockstates/linked_betternether_mushroom_fir_button.json' missing model for variant: 'create_connected:linked_betternether_mushroom_fir_button#face=ceiling,facing=west,locked=false,powered=true'
[16:05:20] [Worker-ResourceReload-6/WARN]: Exception loading blockstate definition: 'create_connected:blockstates/linked_betternether_mushroom_fir_button.json' missing model for variant: 'create_connected:linked_betternether_mushroom_fir_button#face=ceiling,facing=east,locked=false,powered=true'
[16:05:20] [Worker-ResourceReload-6/WARN]: Exception loading blockstate definition: 'create_connected:blockstates/linked_betternether_mushroom_fir_button.json' missing model for variant: 'create_connected:linked_betternether_mushroom_fir_button#face=floor,facing=north,locked=false,powered=false'
[16:05:20] [Worker-ResourceReload-6/WARN]: Exception loading blockstate definition: 'create_connected:blockstates/linked_betternether_mushroom_fir_button.json' missing model for variant: 'create_connected:linked_betternether_mushroom_fir_button#face=ceiling,facing=east,locked=true,powered=true'
[16:05:20] [Worker-ResourceReload-6/WARN]: Exception loading blockstate definition: 'create_connected:blockstates/linked_betternether_mushroom_fir_button.json' missing model for variant: 'create_connected:linked_betternether_mushroom_fir_button#face=ceiling,facing=west,locked=true,powered=true'
[16:05:20] [Worker-ResourceReload-6/WARN]: Exception loading blockstate definition: 'create_connected:blockstates/linked_betternether_mushroom_fir_button.json' missing model for variant: 'create_connected:linked_betternether_mushroom_fir_button#face=wall,facing=north,locked=true,powered=true'
[16:05:20] [Worker-ResourceReload-6/WARN]: Exception loading blockstate definition: 'create_connected:blockstates/linked_betternether_mushroom_fir_button.json' missing model for variant: 'create_connected:linked_betternether_mushroom_fir_button#face=wall,facing=east,locked=false,powered=true'
[16:05:20] [Worker-ResourceReload-6/WARN]: Exception loading blockstate definition: 'create_connected:blockstates/linked_betternether_mushroom_fir_button.json' missing model for variant: 'create_connected:linked_betternether_mushroom_fir_button#face=ceiling,facing=east,locked=true,powered=false'
[16:05:20] [Worker-ResourceReload-6/WARN]: Exception loading blockstate definition: 'create_connected:blockstates/linked_betternether_mushroom_fir_button.json' missing model for variant: 'create_connected:linked_betternether_mushroom_fir_button#face=wall,facing=east,locked=true,powered=true'
[16:05:20] [Worker-ResourceReload-6/WARN]: Exception loading blockstate definition: 'create_connected:blockstates/linked_betternether_mushroom_fir_button.json' missing model for variant: 'create_connected:linked_betternether_mushroom_fir_button#face=floor,facing=east,locked=true,powered=false'
[16:05:20] [Worker-ResourceReload-6/WARN]: Exception loading blockstate definition: 'create_connected:blockstates/linked_betternether_mushroom_fir_button.json' missing model for variant: 'create_connected:linked_betternether_mushroom_fir_button#face=ceiling,facing=west,locked=false,powered=false'
[16:05:20] [Worker-ResourceReload-6/WARN]: Exception loading blockstate definition: 'create_connected:blockstates/linked_betternether_mushroom_fir_button.json' missing model for variant: 'create_connected:linked_betternether_mushroom_fir_button#face=floor,facing=west,locked=false,powered=false'
[16:05:20] [Worker-ResourceReload-6/WARN]: Exception loading blockstate definition: 'create_connected:blockstates/linked_betternether_mushroom_fir_button.json' missing model for variant: 'create_connected:linked_betternether_mushroom_fir_button#face=wall,facing=south,locked=false,powered=false'
[16:05:20] [Worker-ResourceReload-6/WARN]: Exception loading blockstate definition: 'create_connected:blockstates/linked_betternether_nether_mushroom_button.json' missing model for variant: 'create_connected:linked_betternether_nether_mushroom_button#face=ceiling,facing=south,locked=false,powered=true'
[16:05:20] [Worker-ResourceReload-6/WARN]: Exception loading blockstate definition: 'create_connected:blockstates/linked_betternether_nether_mushroom_button.json' missing model for variant: 'create_connected:linked_betternether_nether_mushroom_button#face=floor,facing=west,locked=false,powered=true'
[16:05:20] [Worker-ResourceReload-6/WARN]: Exception loading blockstate definition: 'create_connected:blockstates/linked_betternether_nether_mushroom_button.json' missing model for variant: 'create_connected:linked_betternether_nether_mushroom_button#face=floor,facing=east,locked=true,powered=false'
[16:05:20] [Worker-ResourceReload-6/WARN]: Exception loading blockstate definition: 'create_connected:blockstates/linked_betternether_nether_mushroom_button.json' missing model for variant: 'create_connected:linked_betternether_nether_mushroom_button#face=wall,facing=south,locked=true,powered=false'
[16:05:20] [Worker-ResourceReload-6/WARN]: Exception loading blockstate definition: 'create_connected:blockstates/linked_betternether_nether_mushroom_button.json' missing model for variant: 'create_connected:linked_betternether_nether_mushroom_button#face=ceiling,facing=north,locked=true,powered=false'
[16:05:20] [Worker-ResourceReload-6/WARN]: Exception loading blockstate definition: 'create_connected:blockstates/linked_betternether_nether_mushroom_button.json' missing model for variant: 'create_connected:linked_betternether_nether_mushroom_button#face=wall,facing=west,locked=true,powered=true'
[16:05:20] [Worker-ResourceReload-6/WARN]: Exception loading blockstate definition: 'create_connected:blockstates/linked_betternether_nether_mushroom_button.json' missing model for variant: 'create_connected:linked_betternether_nether_mushroom_button#face=ceiling,facing=west,locked=true,powered=true'
[16:05:20] [Worker-ResourceReload-6/WARN]: Exception loading blockstate definition: 'create_connected:blockstates/linked_betternether_nether_mushroom_button.json' missing model for variant: 'create_connected:linked_betternether_nether_mushroom_button#face=ceiling,facing=east,locked=false,powered=false'
[16:05:20] [Worker-ResourceReload-6/WARN]: Exception loading blockstate definition: 'create_connected:blockstates/linked_betternether_nether_mushroom_button.json' missing model for variant: 'create_connected:linked_betternether_nether_mushroom_button#face=wall,facing=north,locked=true,powered=true'
[16:05:20] [Worker-ResourceReload-6/WARN]: Exception loading blockstate definition: 'create_connected:blockstates/linked_betternether_nether_mushroom_button.json' missing model for variant: 'create_connected:linked_betternether_nether_mushroom_button#face=floor,facing=south,locked=true,powered=false'
[16:05:20] [Worker-ResourceReload-6/WARN]: Exception loading blockstate definition: 'create_connected:blockstates/linked_betternether_nether_mushroom_button.json' missing model for variant: 'create_connected:linked_betternether_nether_mushroom_button#face=wall,facing=south,locked=false,powered=false'
[16:05:20] [Worker-ResourceReload-6/WARN]: Exception loading blockstate definition: 'create_connected:blockstates/linked_betternether_nether_mushroom_button.json' missing model for variant: 'create_connected:linked_betternether_nether_mushroom_button#face=ceiling,facing=west,locked=false,powered=false'
[16:05:20] [Worker-ResourceReload-6/WARN]: Exception loading blockstate definition: 'create_connected:blockstates/linked_betternether_nether_mushroom_button.json' missing model for variant: 'create_connected:linked_betternether_nether_mushroom_button#face=floor,facing=south,locked=true,powered=true'
[16:05:20] [Worker-ResourceReload-6/WARN]: Exception loading blockstate definition: 'create_connected:blockstates/linked_betternether_nether_mushroom_button.json' missing model for variant: 'create_connected:linked_betternether_nether_mushroom_button#face=ceiling,facing=north,locked=true,powered=true'
[16:05:20] [Worker-ResourceReload-6/WARN]: Exception loading blockstate definition: 'create_connected:blockstates/linked_betternether_nether_mushroom_button.json' missing model for variant: 'create_connected:linked_betternether_nether_mushroom_button#face=ceiling,facing=north,locked=false,powered=true'
[16:05:20] [Worker-ResourceReload-6/WARN]: Exception loading blockstate definition: 'create_connected:blockstates/linked_betternether_nether_mushroom_button.json' missing model for variant: 'create_connected:linked_betternether_nether_mushroom_button#face=wall,facing=east,locked=false,powered=true'
[16:05:20] [Worker-ResourceReload-6/WARN]: Exception loading blockstate definition: 'create_connected:blockstates/linked_betternether_nether_mushroom_button.json' missing model for variant: 'create_connected:linked_betternether_nether_mushroom_button#face=floor,facing=north,locked=false,powered=true'
[16:05:20] [Worker-ResourceReload-6/WARN]: Exception loading blockstate definition: 'create_connected:blockstates/linked_betternether_nether_mushroom_button.json' missing model for variant: 'create_connected:linked_betternether_nether_mushroom_button#face=floor,facing=east,locked=true,powered=true'
[16:05:20] [Worker-ResourceReload-6/WARN]: Exception loading blockstate definition: 'create_connected:blockstates/linked_betternether_nether_mushroom_button.json' missing model for variant: 'create_connected:linked_betternether_nether_mushroom_button#face=wall,facing=west,locked=false,powered=false'
[16:05:20] [Worker-ResourceReload-6/WARN]: Exception loading blockstate definition: 'create_connected:blockstates/linked_betternether_nether_mushroom_button.json' missing model for variant: 'create_connected:linked_betternether_nether_mushroom_button#face=wall,facing=west,locked=true,powered=false'
[16:05:20] [Worker-ResourceReload-6/WARN]: Exception loading blockstate definition: 'create_connected:blockstates/linked_betternether_nether_mushroom_button.json' missing model for variant: 'create_connected:linked_betternether_nether_mushroom_button#face=floor,facing=north,locked=false,powered=false'
[16:05:20] [Worker-ResourceReload-6/WARN]: Exception loading blockstate definition: 'create_connected:blockstates/linked_betternether_nether_mushroom_button.json' missing model for variant: 'create_connected:linked_betternether_nether_mushroom_button#face=ceiling,facing=south,locked=true,powered=true'
[16:05:20] [Worker-ResourceReload-6/WARN]: Exception loading blockstate definition: 'create_connected:blockstates/linked_betternether_nether_mushroom_button.json' missing model for variant: 'create_connected:linked_betternether_nether_mushroom_button#face=wall,facing=south,locked=false,powered=true'
[16:05:20] [Worker-ResourceReload-6/WARN]: Exception loading blockstate definition: 'create_connected:blockstates/linked_betternether_nether_mushroom_button.json' missing model for variant: 'create_connected:linked_betternether_nether_mushroom_button#face=ceiling,facing=north,locked=false,powered=false'
[16:05:20] [Worker-ResourceReload-6/WARN]: Exception loading blockstate definition: 'create_connected:blockstates/linked_betternether_nether_mushroom_button.json' missing model for variant: 'create_connected:linked_betternether_nether_mushroom_button#face=ceiling,facing=west,locked=false,powered=true'
[16:05:20] [Worker-ResourceReload-6/WARN]: Exception loading blockstate definition: 'create_connected:blockstates/linked_betternether_nether_mushroom_button.json' missing model for variant: 'create_connected:linked_betternether_nether_mushroom_button#face=floor,facing=south,locked=false,powered=true'
[16:05:20] [Worker-ResourceReload-6/WARN]: Exception loading blockstate definition: 'create_connected:blockstates/linked_betternether_nether_mushroom_button.json' missing model for variant: 'create_connected:linked_betternether_nether_mushroom_button#face=wall,facing=east,locked=true,powered=false'
[16:05:20] [Worker-ResourceReload-6/WARN]: Exception loading blockstate definition: 'create_connected:blockstates/linked_betternether_nether_mushroom_button.json' missing model for variant: 'create_connected:linked_betternether_nether_mushroom_button#face=wall,facing=north,locked=false,powered=true'
[16:05:20] [Worker-ResourceReload-6/WARN]: Exception loading blockstate definition: 'create_connected:blockstates/linked_betternether_nether_mushroom_button.json' missing model for variant: 'create_connected:linked_betternether_nether_mushroom_button#face=ceiling,facing=east,locked=true,powered=true'
[16:05:20] [Worker-ResourceReload-6/WARN]: Exception loading blockstate definition: 'create_connected:blockstates/linked_betternether_nether_mushroom_button.json' missing model for variant: 'create_connected:linked_betternether_nether_mushroom_button#face=ceiling,facing=east,locked=true,powered=false'
[16:05:20] [Worker-ResourceReload-6/WARN]: Exception loading blockstate definition: 'create_connected:blockstates/linked_betternether_nether_mushroom_button.json' missing model for variant: 'create_connected:linked_betternether_nether_mushroom_button#face=ceiling,facing=south,locked=false,powered=false'
[16:05:20] [Worker-ResourceReload-6/WARN]: Exception loading blockstate definition: 'create_connected:blockstates/linked_betternether_nether_mushroom_button.json' missing model for variant: 'create_connected:linked_betternether_nether_mushroom_button#face=floor,facing=east,locked=false,powered=false'
[16:05:20] [Worker-ResourceReload-6/WARN]: Exception loading blockstate definition: 'create_connected:blockstates/linked_betternether_nether_mushroom_button.json' missing model for variant: 'create_connected:linked_betternether_nether_mushroom_button#face=floor,facing=north,locked=true,powered=true'
[16:05:20] [Worker-ResourceReload-6/WARN]: Exception loading blockstate definition: 'create_connected:blockstates/linked_betternether_nether_mushroom_button.json' missing model for variant: 'create_connected:linked_betternether_nether_mushroom_button#face=floor,facing=north,locked=true,powered=false'
[16:05:20] [Worker-ResourceReload-6/WARN]: Exception loading blockstate definition: 'create_connected:blockstates/linked_betternether_nether_mushroom_button.json' missing model for variant: 'create_connected:linked_betternether_nether_mushroom_button#face=floor,facing=west,locked=false,powered=false'
[16:05:20] [Worker-ResourceReload-6/WARN]: Exception loading blockstate definition: 'create_connected:blockstates/linked_betternether_nether_mushroom_button.json' missing model for variant: 'create_connected:linked_betternether_nether_mushroom_button#face=floor,facing=south,locked=false,powered=false'
[16:05:20] [Worker-ResourceReload-6/WARN]: Exception loading blockstate definition: 'create_connected:blockstates/linked_betternether_nether_mushroom_button.json' missing model for variant: 'create_connected:linked_betternether_nether_mushroom_button#face=floor,facing=east,locked=false,powered=true'
[16:05:20] [Worker-ResourceReload-6/WARN]: Exception loading blockstate definition: 'create_connected:blockstates/linked_betternether_nether_mushroom_button.json' missing model for variant: 'create_connected:linked_betternether_nether_mushroom_button#face=ceiling,facing=east,locked=false,powered=true'
[16:05:20] [Worker-ResourceReload-6/WARN]: Exception loading blockstate definition: 'create_connected:blockstates/linked_betternether_nether_mushroom_button.json' missing model for variant: 'create_connected:linked_betternether_nether_mushroom_button#face=ceiling,facing=south,locked=true,powered=false'
[16:05:20] [Worker-ResourceReload-6/WARN]: Exception loading blockstate definition: 'create_connected:blockstates/linked_betternether_nether_mushroom_button.json' missing model for variant: 'create_connected:linked_betternether_nether_mushroom_button#face=wall,facing=east,locked=true,powered=true'
[16:05:20] [Worker-ResourceReload-6/WARN]: Exception loading blockstate definition: 'create_connected:blockstates/linked_betternether_nether_mushroom_button.json' missing model for variant: 'create_connected:linked_betternether_nether_mushroom_button#face=floor,facing=west,locked=true,powered=true'
[16:05:20] [Worker-ResourceReload-6/WARN]: Exception loading blockstate definition: 'create_connected:blockstates/linked_betternether_nether_mushroom_button.json' missing model for variant: 'create_connected:linked_betternether_nether_mushroom_button#face=wall,facing=east,locked=false,powered=false'
[16:05:20] [Worker-ResourceReload-6/WARN]: Exception loading blockstate definition: 'create_connected:blockstates/linked_betternether_nether_mushroom_button.json' missing model for variant: 'create_connected:linked_betternether_nether_mushroom_button#face=wall,facing=west,locked=false,powered=true'
[16:05:20] [Worker-ResourceReload-6/WARN]: Exception loading blockstate definition: 'create_connected:blockstates/linked_betternether_nether_mushroom_button.json' missing model for variant: 'create_connected:linked_betternether_nether_mushroom_button#face=wall,facing=north,locked=true,powered=false'
[16:05:20] [Worker-ResourceReload-6/WARN]: Exception loading blockstate definition: 'create_connected:blockstates/linked_betternether_nether_mushroom_button.json' missing model for variant: 'create_connected:linked_betternether_nether_mushroom_button#face=wall,facing=south,locked=true,powered=true'
[16:05:20] [Worker-ResourceReload-6/WARN]: Exception loading blockstate definition: 'create_connected:blockstates/linked_betternether_nether_mushroom_button.json' missing model for variant: 'create_connected:linked_betternether_nether_mushroom_button#face=wall,facing=north,locked=false,powered=false'
[16:05:20] [Worker-ResourceReload-6/WARN]: Exception loading blockstate definition: 'create_connected:blockstates/linked_betternether_nether_mushroom_button.json' missing model for variant: 'create_connected:linked_betternether_nether_mushroom_button#face=floor,facing=west,locked=true,powered=false'
[16:05:20] [Worker-ResourceReload-6/WARN]: Exception loading blockstate definition: 'create_connected:blockstates/linked_betternether_nether_mushroom_button.json' missing model for variant: 'create_connected:linked_betternether_nether_mushroom_button#face=ceiling,facing=west,locked=true,powered=false'
[16:05:20] [Worker-ResourceReload-6/WARN]: Exception loading blockstate definition: 'create_connected:blockstates/linked_betternether_anchor_tree_button.json' missing model for variant: 'create_connected:linked_betternether_anchor_tree_button#face=wall,facing=east,locked=true,powered=false'
[16:05:20] [Worker-ResourceReload-6/WARN]: Exception loading blockstate definition: 'create_connected:blockstates/linked_betternether_anchor_tree_button.json' missing model for variant: 'create_connected:linked_betternether_anchor_tree_button#face=floor,facing=south,locked=false,powered=true'
[16:05:20] [Worker-ResourceReload-6/WARN]: Exception loading blockstate definition: 'create_connected:blockstates/linked_betternether_anchor_tree_button.json' missing model for variant: 'create_connected:linked_betternether_anchor_tree_button#face=ceiling,facing=west,locked=false,powered=true'
[16:05:20] [Worker-ResourceReload-6/WARN]: Exception loading blockstate definition: 'create_connected:blockstates/linked_betternether_anchor_tree_button.json' missing model for variant: 'create_connected:linked_betternether_anchor_tree_button#face=ceiling,facing=east,locked=true,powered=true'
[16:05:20] [Worker-ResourceReload-6/WARN]: Exception loading blockstate definition: 'create_connected:blockstates/linked_betternether_anchor_tree_button.json' missing model for variant: 'create_connected:linked_betternether_anchor_tree_button#face=wall,facing=north,locked=false,powered=true'
[16:05:20] [Worker-ResourceReload-6/WARN]: Exception loading blockstate definition: 'create_connected:blockstates/linked_betternether_anchor_tree_button.json' missing model for variant: 'create_connected:linked_betternether_anchor_tree_button#face=wall,facing=west,locked=false,powered=true'
[16:05:20] [Worker-ResourceReload-6/WARN]: Exception loading blockstate definition: 'create_connected:blockstates/linked_betternether_anchor_tree_button.json' missing model for variant: 'create_connected:linked_betternether_anchor_tree_button#face=ceiling,facing=south,locked=false,powered=false'
[16:05:20] [Worker-ResourceReload-6/WARN]: Exception loading blockstate definition: 'create_connected:blockstates/linked_betternether_anchor_tree_button.json' missing model for variant: 'create_connected:linked_betternether_anchor_tree_button#face=ceiling,facing=north,locked=false,powered=false'
[16:05:20] [Worker-ResourceReload-6/WARN]: Exception loading blockstate definition: 'create_connected:blockstates/linked_betternether_anchor_tree_button.json' missing model for variant: 'create_connected:linked_betternether_anchor_tree_button#face=floor,facing=north,locked=false,powered=false'
[16:05:20] [Worker-ResourceReload-6/WARN]: Exception loading blockstate definition: 'create_connected:blockstates/linked_betternether_anchor_tree_button.json' missing model for variant: 'create_connected:linked_betternether_anchor_tree_button#face=floor,facing=south,locked=true,powered=true'
[16:05:20] [Worker-ResourceReload-6/WARN]: Exception loading blockstate definition: 'create_connected:blockstates/linked_betternether_anchor_tree_button.json' missing model for variant: 'create_connected:linked_betternether_anchor_tree_button#face=floor,facing=west,locked=true,powered=false'
[16:05:20] [Worker-ResourceReload-6/WARN]: Exception loading blockstate definition: 'create_connected:blockstates/linked_betternether_anchor_tree_button.json' missing model for variant: 'create_connected:linked_betternether_anchor_tree_button#face=wall,facing=west,locked=true,powered=false'
[16:05:20] [Worker-ResourceReload-6/WARN]: Exception loading blockstate definition: 'create_connected:blockstates/linked_betternether_anchor_tree_button.json' missing model for variant: 'create_connected:linked_betternether_anchor_tree_button#face=wall,facing=south,locked=true,powered=true'
[16:05:20] [Worker-ResourceReload-6/WARN]: Exception loading blockstate definition: 'create_connected:blockstates/linked_betternether_anchor_tree_button.json' missing model for variant: 'create_connected:linked_betternether_anchor_tree_button#face=wall,facing=east,locked=true,powered=true'
[16:05:20] [Worker-ResourceReload-6/WARN]: Exception loading blockstate definition: 'create_connected:blockstates/linked_betternether_anchor_tree_button.json' missing model for variant: 'create_connected:linked_betternether_anchor_tree_button#face=floor,facing=north,locked=false,powered=true'
[16:05:20] [Worker-ResourceReload-6/WARN]: Exception loading blockstate definition: 'create_connected:blockstates/linked_betternether_anchor_tree_button.json' missing model for variant: 'create_connected:linked_betternether_anchor_tree_button#face=wall,facing=east,locked=false,powered=true'
[16:05:20] [Worker-ResourceReload-6/WARN]: Exception loading blockstate definition: 'create_connected:blockstates/linked_betternether_anchor_tree_button.json' missing model for variant: 'create_connected:linked_betternether_anchor_tree_button#face=wall,facing=west,locked=false,powered=false'
[16:05:20] [Worker-ResourceReload-6/WARN]: Exception loading blockstate definition: 'create_connected:blockstates/linked_betternether_anchor_tree_button.json' missing model for variant: 'create_connected:linked_betternether_anchor_tree_button#face=ceiling,facing=west,locked=false,powered=false'
[16:05:20] [Worker-ResourceReload-6/WARN]: Exception loading blockstate definition: 'create_connected:blockstates/linked_betternether_anchor_tree_button.json' missing model for variant: 'create_connected:linked_betternether_anchor_tree_button#face=ceiling,facing=east,locked=true,powered=false'
[16:05:20] [Worker-ResourceReload-6/WARN]: Exception loading blockstate definition: 'create_connected:blockstates/linked_betternether_anchor_tree_button.json' missing model for variant: 'create_connected:linked_betternether_anchor_tree_button#face=floor,facing=west,locked=false,powered=false'
[16:05:20] [Worker-ResourceReload-6/WARN]: Exception loading blockstate definition: 'create_connected:blockstates/linked_betternether_anchor_tree_button.json' missing model for variant: 'create_connected:linked_betternether_anchor_tree_button#face=wall,facing=west,locked=true,powered=true'
[16:05:20] [Worker-ResourceReload-6/WARN]: Exception loading blockstate definition: 'create_connected:blockstates/linked_betternether_anchor_tree_button.json' missing model for variant: 'create_connected:linked_betternether_anchor_tree_button#face=wall,facing=north,locked=true,powered=true'
[16:05:20] [Worker-ResourceReload-6/WARN]: Exception loading blockstate definition: 'create_connected:blockstates/linked_betternether_anchor_tree_button.json' missing model for variant: 'create_connected:linked_betternether_anchor_tree_button#face=ceiling,facing=west,locked=true,powered=true'
[16:05:20] [Worker-ResourceReload-6/WARN]: Exception loading blockstate definition: 'create_connected:blockstates/linked_betternether_anchor_tree_button.json' missing model for variant: 'create_connected:linked_betternether_anchor_tree_button#face=wall,facing=south,locked=false,powered=false'
[16:05:20] [Worker-ResourceReload-6/WARN]: Exception loading blockstate definition: 'create_connected:blockstates/linked_betternether_anchor_tree_button.json' missing model for variant: 'create_connected:linked_betternether_anchor_tree_button#face=floor,facing=west,locked=false,powered=true'
[16:05:20] [Worker-ResourceReload-6/WARN]: Exception loading blockstate definition: 'create_connected:blockstates/linked_betternether_anchor_tree_button.json' missing model for variant: 'create_connected:linked_betternether_anchor_tree_button#face=wall,facing=south,locked=true,powered=false'
[16:05:20] [Worker-ResourceReload-6/WARN]: Exception loading blockstate definition: 'create_connected:blockstates/linked_betternether_anchor_tree_button.json' missing model for variant: 'create_connected:linked_betternether_anchor_tree_button#face=floor,facing=east,locked=true,powered=false'
[16:05:20] [Worker-ResourceReload-6/WARN]: Exception loading blockstate definition: 'create_connected:blockstates/linked_betternether_anchor_tree_button.json' missing model for variant: 'create_connected:linked_betternether_anchor_tree_button#face=ceiling,facing=south,locked=false,powered=true'
[16:05:20] [Worker-ResourceReload-6/WARN]: Exception loading blockstate definition: 'create_connected:blockstates/linked_betternether_anchor_tree_button.json' missing model for variant: 'create_connected:linked_betternether_anchor_tree_button#face=wall,facing=east,locked=false,powered=false'
[16:05:20] [Worker-ResourceReload-6/WARN]: Exception loading blockstate definition: 'create_connected:blockstates/linked_betternether_anchor_tree_button.json' missing model for variant: 'create_connected:linked_betternether_anchor_tree_button#face=ceiling,facing=north,locked=false,powered=true'
[16:05:20] [Worker-ResourceReload-6/WARN]: Exception loading blockstate definition: 'create_connected:blockstates/linked_betternether_anchor_tree_button.json' missing model for variant: 'create_connected:linked_betternether_anchor_tree_button#face=wall,facing=north,locked=false,powered=false'
[16:05:20] [Worker-ResourceReload-6/WARN]: Exception loading blockstate definition: 'create_connected:blockstates/linked_betternether_anchor_tree_button.json' missing model for variant: 'create_connected:linked_betternether_anchor_tree_button#face=ceiling,facing=south,locked=true,powered=true'
[16:05:20] [Worker-ResourceReload-6/WARN]: Exception loading blockstate definition: 'create_connected:blockstates/linked_betternether_anchor_tree_button.json' missing model for variant: 'create_connected:linked_betternether_anchor_tree_button#face=wall,facing=north,locked=true,powered=false'
[16:05:20] [Worker-ResourceReload-6/WARN]: Exception loading blockstate definition: 'create_connected:blockstates/linked_betternether_anchor_tree_button.json' missing model for variant: 'create_connected:linked_betternether_anchor_tree_button#face=ceiling,facing=west,locked=true,powered=false'
[16:05:20] [Worker-ResourceReload-6/WARN]: Exception loading blockstate definition: 'create_connected:blockstates/linked_betternether_anchor_tree_button.json' missing model for variant: 'create_connected:linked_betternether_anchor_tree_button#face=wall,facing=south,locked=false,powered=true'
[16:05:20] [Worker-ResourceReload-6/WARN]: Exception loading blockstate definition: 'create_connected:blockstates/linked_betternether_anchor_tree_button.json' missing model for variant: 'create_connected:linked_betternether_anchor_tree_button#face=ceiling,facing=north,locked=true,powered=true'
[16:05:20] [Worker-ResourceReload-6/WARN]: Exception loading blockstate definition: 'create_connected:blockstates/linked_betternether_anchor_tree_button.json' missing model for variant: 'create_connected:linked_betternether_anchor_tree_button#face=floor,facing=north,locked=true,powered=true'
[16:05:20] [Worker-ResourceReload-6/WARN]: Exception loading blockstate definition: 'create_connected:blockstates/linked_betternether_anchor_tree_button.json' missing model for variant: 'create_connected:linked_betternether_anchor_tree_button#face=floor,facing=east,locked=false,powered=true'
[16:05:20] [Worker-ResourceReload-6/WARN]: Exception loading blockstate definition: 'create_connected:blockstates/linked_betternether_anchor_tree_button.json' missing model for variant: 'create_connected:linked_betternether_anchor_tree_button#face=ceiling,facing=east,locked=false,powered=true'
[16:05:20] [Worker-ResourceReload-6/WARN]: Exception loading blockstate definition: 'create_connected:blockstates/linked_betternether_anchor_tree_button.json' missing model for variant: 'create_connected:linked_betternether_anchor_tree_button#face=floor,facing=east,locked=true,powered=true'
[16:05:20] [Worker-ResourceReload-6/WARN]: Exception loading blockstate definition: 'create_connected:blockstates/linked_betternether_anchor_tree_button.json' missing model for variant: 'create_connected:linked_betternether_anchor_tree_button#face=ceiling,facing=north,locked=true,powered=false'
[16:05:20] [Worker-ResourceReload-6/WARN]: Exception loading blockstate definition: 'create_connected:blockstates/linked_betternether_anchor_tree_button.json' missing model for variant: 'create_connected:linked_betternether_anchor_tree_button#face=floor,facing=south,locked=false,powered=false'
[16:05:20] [Worker-ResourceReload-6/WARN]: Exception loading blockstate definition: 'create_connected:blockstates/linked_betternether_anchor_tree_button.json' missing model for variant: 'create_connected:linked_betternether_anchor_tree_button#face=floor,facing=west,locked=true,powered=true'
[16:05:20] [Worker-ResourceReload-6/WARN]: Exception loading blockstate definition: 'create_connected:blockstates/linked_betternether_anchor_tree_button.json' missing model for variant: 'create_connected:linked_betternether_anchor_tree_button#face=floor,facing=north,locked=true,powered=false'
[16:05:20] [Worker-ResourceReload-6/WARN]: Exception loading blockstate definition: 'create_connected:blockstates/linked_betternether_anchor_tree_button.json' missing model for variant: 'create_connected:linked_betternether_anchor_tree_button#face=floor,facing=east,locked=false,powered=false'
[16:05:20] [Worker-ResourceReload-6/WARN]: Exception loading blockstate definition: 'create_connected:blockstates/linked_betternether_anchor_tree_button.json' missing model for variant: 'create_connected:linked_betternether_anchor_tree_button#face=ceiling,facing=south,locked=true,powered=false'
[16:05:20] [Worker-ResourceReload-6/WARN]: Exception loading blockstate definition: 'create_connected:blockstates/linked_betternether_anchor_tree_button.json' missing model for variant: 'create_connected:linked_betternether_anchor_tree_button#face=floor,facing=south,locked=true,powered=false'
[16:05:20] [Worker-ResourceReload-6/WARN]: Exception loading blockstate definition: 'create_connected:blockstates/linked_betternether_anchor_tree_button.json' missing model for variant: 'create_connected:linked_betternether_anchor_tree_button#face=ceiling,facing=east,locked=false,powered=false'
[16:05:20] [Worker-ResourceReload-6/WARN]: Exception loading blockstate definition: 'create_connected:blockstates/linked_betternether_nether_sakura_button.json' missing model for variant: 'create_connected:linked_betternether_nether_sakura_button#face=ceiling,facing=west,locked=false,powered=false'
[16:05:20] [Worker-ResourceReload-6/WARN]: Exception loading blockstate definition: 'create_connected:blockstates/linked_betternether_nether_sakura_button.json' missing model for variant: 'create_connected:linked_betternether_nether_sakura_button#face=floor,facing=east,locked=true,powered=false'
[16:05:20] [Worker-ResourceReload-6/WARN]: Exception loading blockstate definition: 'create_connected:blockstates/linked_betternether_nether_sakura_button.json' missing model for variant: 'create_connected:linked_betternether_nether_sakura_button#face=ceiling,facing=north,locked=true,powered=false'
[16:05:20] [Worker-ResourceReload-6/WARN]: Exception loading blockstate definition: 'create_connected:blockstates/linked_betternether_nether_sakura_button.json' missing model for variant: 'create_connected:linked_betternether_nether_sakura_button#face=ceiling,facing=south,locked=false,powered=true'
[16:05:20] [Worker-ResourceReload-6/WARN]: Exception loading blockstate definition: 'create_connected:blockstates/linked_betternether_nether_sakura_button.json' missing model for variant: 'create_connected:linked_betternether_nether_sakura_button#face=wall,facing=north,locked=true,powered=true'
[16:05:20] [Worker-ResourceReload-6/WARN]: Exception loading blockstate definition: 'create_connected:blockstates/linked_betternether_nether_sakura_button.json' missing model for variant: 'create_connected:linked_betternether_nether_sakura_button#face=wall,facing=south,locked=true,powered=false'
[16:05:20] [Worker-ResourceReload-6/WARN]: Exception loading blockstate definition: 'create_connected:blockstates/linked_betternether_nether_sakura_button.json' missing model for variant: 'create_connected:linked_betternether_nether_sakura_button#face=ceiling,facing=west,locked=true,powered=true'
[16:05:20] [Worker-ResourceReload-6/WARN]: Exception loading blockstate definition: 'create_connected:blockstates/linked_betternether_nether_sakura_button.json' missing model for variant: 'create_connected:linked_betternether_nether_sakura_button#face=wall,facing=east,locked=false,powered=true'
[16:05:20] [Worker-ResourceReload-6/WARN]: Exception loading blockstate definition: 'create_connected:blockstates/linked_betternether_nether_sakura_button.json' missing model for variant: 'create_connected:linked_betternether_nether_sakura_button#face=ceiling,facing=north,locked=true,powered=true'
[16:05:20] [Worker-ResourceReload-6/WARN]: Exception loading blockstate definition: 'create_connected:blockstates/linked_betternether_nether_sakura_button.json' missing model for variant: 'create_connected:linked_betternether_nether_sakura_button#face=wall,facing=west,locked=true,powered=true'
[16:05:20] [Worker-ResourceReload-6/WARN]: Exception loading blockstate definition: 'create_connected:blockstates/linked_betternether_nether_sakura_button.json' missing model for variant: 'create_connected:linked_betternether_nether_sakura_button#face=ceiling,facing=east,locked=false,powered=false'
[16:05:20] [Worker-ResourceReload-6/WARN]: Exception loading blockstate definition: 'create_connected:blockstates/linked_betternether_nether_sakura_button.json' missing model for variant: 'create_connected:linked_betternether_nether_sakura_button#face=wall,facing=north,locked=true,powered=false'
[16:05:20] [Worker-ResourceReload-6/WARN]: Exception loading blockstate definition: 'create_connected:blockstates/linked_betternether_nether_sakura_button.json' missing model for variant: 'create_connected:linked_betternether_nether_sakura_button#face=wall,facing=south,locked=false,powered=false'
[16:05:20] [Worker-ResourceReload-6/WARN]: Exception loading blockstate definition: 'create_connected:blockstates/linked_betternether_nether_sakura_button.json' missing model for variant: 'create_connected:linked_betternether_nether_sakura_button#face=ceiling,facing=south,locked=true,powered=false'
[16:05:20] [Worker-ResourceReload-6/WARN]: Exception loading blockstate definition: 'create_connected:blockstates/linked_betternether_nether_sakura_button.json' missing model for variant: 'create_connected:linked_betternether_nether_sakura_button#face=ceiling,facing=west,locked=true,powered=false'
[16:05:20] [Worker-ResourceReload-6/WARN]: Exception loading blockstate definition: 'create_connected:blockstates/linked_betternether_nether_sakura_button.json' missing model for variant: 'create_connected:linked_betternether_nether_sakura_button#face=floor,facing=west,locked=true,powered=true'
[16:05:20] [Worker-ResourceReload-6/WARN]: Exception loading blockstate definition: 'create_connected:blockstates/linked_betternether_nether_sakura_button.json' missing model for variant: 'create_connected:linked_betternether_nether_sakura_button#face=wall,facing=north,locked=false,powered=false'
[16:05:20] [Worker-ResourceReload-6/WARN]: Exception loading blockstate definition: 'create_connected:blockstates/linked_betternether_nether_sakura_button.json' missing model for variant: 'create_connected:linked_betternether_nether_sakura_button#face=wall,facing=east,locked=false,powered=false'
[16:05:20] [Worker-ResourceReload-6/WARN]: Exception loading blockstate definition: 'create_connected:blockstates/linked_betternether_nether_sakura_button.json' missing model for variant: 'create_connected:linked_betternether_nether_sakura_button#face=floor,facing=east,locked=false,powered=true'
[16:05:20] [Worker-ResourceReload-6/WARN]: Exception loading blockstate definition: 'create_connected:blockstates/linked_betternether_nether_sakura_button.json' missing model for variant: 'create_connected:linked_betternether_nether_sakura_button#face=ceiling,facing=east,locked=false,powered=true'
[16:05:20] [Worker-ResourceReload-6/WARN]: Exception loading blockstate definition: 'create_connected:blockstates/linked_betternether_nether_sakura_button.json' missing model for variant: 'create_connected:linked_betternether_nether_sakura_button#face=wall,facing=south,locked=true,powered=true'
[16:05:20] [Worker-ResourceReload-6/WARN]: Exception loading blockstate definition: 'create_connected:blockstates/linked_betternether_nether_sakura_button.json' missing model for variant: 'create_connected:linked_betternether_nether_sakura_button#face=wall,facing=east,locked=true,powered=true'
[16:05:20] [Worker-ResourceReload-6/WARN]: Exception loading blockstate definition: 'create_connected:blockstates/linked_betternether_nether_sakura_button.json' missing model for variant: 'create_connected:linked_betternether_nether_sakura_button#face=ceiling,facing=east,locked=true,powered=true'
[16:05:20] [Worker-ResourceReload-6/WARN]: Exception loading blockstate definition: 'create_connected:blockstates/linked_betternether_nether_sakura_button.json' missing model for variant: 'create_connected:linked_betternether_nether_sakura_button#face=floor,facing=west,locked=true,powered=false'
[16:05:20] [Worker-ResourceReload-6/WARN]: Exception loading blockstate definition: 'create_connected:blockstates/linked_betternether_nether_sakura_button.json' missing model for variant: 'create_connected:linked_betternether_nether_sakura_button#face=wall,facing=west,locked=false,powered=true'
[16:05:20] [Worker-ResourceReload-6/WARN]: Exception loading blockstate definition: 'create_connected:blockstates/linked_betternether_nether_sakura_button.json' missing model for variant: 'create_connected:linked_betternether_nether_sakura_button#face=floor,facing=west,locked=false,powered=false'
[16:05:20] [Worker-ResourceReload-6/WARN]: Exception loading blockstate definition: 'create_connected:blockstates/linked_betternether_nether_sakura_button.json' missing model for variant: 'create_connected:linked_betternether_nether_sakura_button#face=floor,facing=north,locked=true,powered=false'
[16:05:20] [Worker-ResourceReload-6/WARN]: Exception loading blockstate definition: 'create_connected:blockstates/linked_betternether_nether_sakura_button.json' missing model for variant: 'create_connected:linked_betternether_nether_sakura_button#face=ceiling,facing=east,locked=true,powered=false'
[16:05:20] [Worker-ResourceReload-6/WARN]: Exception loading blockstate definition: 'create_connected:blockstates/linked_betternether_nether_sakura_button.json' missing model for variant: 'create_connected:linked_betternether_nether_sakura_button#face=ceiling,facing=north,locked=false,powered=false'
[16:05:20] [Worker-ResourceReload-6/WARN]: Exception loading blockstate definition: 'create_connected:blockstates/linked_betternether_nether_sakura_button.json' missing model for variant: 'create_connected:linked_betternether_nether_sakura_button#face=floor,facing=east,locked=false,powered=false'
[16:05:20] [Worker-ResourceReload-6/WARN]: Exception loading blockstate definition: 'create_connected:blockstates/linked_betternether_nether_sakura_button.json' missing model for variant: 'create_connected:linked_betternether_nether_sakura_button#face=ceiling,facing=south,locked=false,powered=false'
[16:05:20] [Worker-ResourceReload-6/WARN]: Exception loading blockstate definition: 'create_connected:blockstates/linked_betternether_nether_sakura_button.json' missing model for variant: 'create_connected:linked_betternether_nether_sakura_button#face=floor,facing=north,locked=true,powered=true'
[16:05:20] [Worker-ResourceReload-6/WARN]: Exception loading blockstate definition: 'create_connected:blockstates/linked_betternether_nether_sakura_button.json' missing model for variant: 'create_connected:linked_betternether_nether_sakura_button#face=floor,facing=south,locked=false,powered=true'
[16:05:20] [Worker-ResourceReload-6/WARN]: Exception loading blockstate definition: 'create_connected:blockstates/linked_betternether_nether_sakura_button.json' missing model for variant: 'create_connected:linked_betternether_nether_sakura_button#face=wall,facing=east,locked=true,powered=false'
[16:05:20] [Worker-ResourceReload-6/WARN]: Exception loading blockstate definition: 'create_connected:blockstates/linked_betternether_nether_sakura_button.json' missing model for variant: 'create_connected:linked_betternether_nether_sakura_button#face=floor,facing=south,locked=true,powered=false'
[16:05:20] [Worker-ResourceReload-6/WARN]: Exception loading blockstate definition: 'create_connected:blockstates/linked_betternether_nether_sakura_button.json' missing model for variant: 'create_connected:linked_betternether_nether_sakura_button#face=wall,facing=west,locked=false,powered=false'
[16:05:20] [Worker-ResourceReload-6/WARN]: Exception loading blockstate definition: 'create_connected:blockstates/linked_betternether_nether_sakura_button.json' missing model for variant: 'create_connected:linked_betternether_nether_sakura_button#face=ceiling,facing=north,locked=false,powered=true'
[16:05:20] [Worker-ResourceReload-6/WARN]: Exception loading blockstate definition: 'create_connected:blockstates/linked_betternether_nether_sakura_button.json' missing model for variant: 'create_connected:linked_betternether_nether_sakura_button#face=floor,facing=south,locked=false,powered=false'
[16:05:20] [Worker-ResourceReload-6/WARN]: Exception loading blockstate definition: 'create_connected:blockstates/linked_betternether_nether_sakura_button.json' missing model for variant: 'create_connected:linked_betternether_nether_sakura_button#face=floor,facing=north,locked=false,powered=false'
[16:05:20] [Worker-ResourceReload-6/WARN]: Exception loading blockstate definition: 'create_connected:blockstates/linked_betternether_nether_sakura_button.json' missing model for variant: 'create_connected:linked_betternether_nether_sakura_button#face=floor,facing=north,locked=false,powered=true'
[16:05:20] [Worker-ResourceReload-6/WARN]: Exception loading blockstate definition: 'create_connected:blockstates/linked_betternether_nether_sakura_button.json' missing model for variant: 'create_connected:linked_betternether_nether_sakura_button#face=wall,facing=west,locked=true,powered=false'
[16:05:20] [Worker-ResourceReload-6/WARN]: Exception loading blockstate definition: 'create_connected:blockstates/linked_betternether_nether_sakura_button.json' missing model for variant: 'create_connected:linked_betternether_nether_sakura_button#face=floor,facing=west,locked=false,powered=true'
[16:05:20] [Worker-ResourceReload-6/WARN]: Exception loading blockstate definition: 'create_connected:blockstates/linked_betternether_nether_sakura_button.json' missing model for variant: 'create_connected:linked_betternether_nether_sakura_button#face=floor,facing=east,locked=true,powered=true'
[16:05:20] [Worker-ResourceReload-6/WARN]: Exception loading blockstate definition: 'create_connected:blockstates/linked_betternether_nether_sakura_button.json' missing model for variant: 'create_connected:linked_betternether_nether_sakura_button#face=ceiling,facing=west,locked=false,powered=true'
[16:05:20] [Worker-ResourceReload-6/WARN]: Exception loading blockstate definition: 'create_connected:blockstates/linked_betternether_nether_sakura_button.json' missing model for variant: 'create_connected:linked_betternether_nether_sakura_button#face=wall,facing=north,locked=false,powered=true'
[16:05:20] [Worker-ResourceReload-6/WARN]: Exception loading blockstate definition: 'create_connected:blockstates/linked_betternether_nether_sakura_button.json' missing model for variant: 'create_connected:linked_betternether_nether_sakura_button#face=wall,facing=south,locked=false,powered=true'
[16:05:20] [Worker-ResourceReload-6/WARN]: Exception loading blockstate definition: 'create_connected:blockstates/linked_betternether_nether_sakura_button.json' missing model for variant: 'create_connected:linked_betternether_nether_sakura_button#face=floor,facing=south,locked=true,powered=true'
[16:05:20] [Worker-ResourceReload-6/WARN]: Exception loading blockstate definition: 'create_connected:blockstates/linked_betternether_nether_sakura_button.json' missing model for variant: 'create_connected:linked_betternether_nether_sakura_button#face=ceiling,facing=south,locked=true,powered=true'
[16:05:20] [Render thread/INFO]: Finished mod setup in: [4, 8, 0, 1, 0, 1, 30, 2] ms
[16:05:20] [Forge Version Check/INFO]: [sliceanddice] Found status: OUTDATED Current: 3.5.2 Target: 3.6.0
[16:05:20] [Forge Version Check/INFO]: [clumps] Starting version check at https://updates.blamejared.com/get?n=clumps&gv=1.20.1
[16:05:20] [Forge Version Check/INFO]: [clumps] Found status: BETA Current: 12.0.0.4 Target: 12.0.0.4
[16:05:20] [Forge Version Check/INFO]: [brandonscore] Starting version check at https://version-check.covers1624.net/check/?mod=BrandonsCore&mc=1.20.1
[16:05:21] [Worker-ResourceReload-3/INFO]: Retrieving block renderers
[16:05:21] [Worker-ResourceReload-3/INFO]: Retrieving fluid renderers
[16:05:21] [Worker-ResourceReload-3/INFO]: Retrieving global renderers
[16:05:21] [Forge Version Check/INFO]: [brandonscore] Found status: BETA Current: 3.2.1.302 Target: 3.2.1.302
[16:05:21] [Forge Version Check/INFO]: [draconicevolution] Starting version check at https://version-check.covers1624.net/check/?mod=Draconic-Evolution&mc=1.20.1
[16:05:21] [Forge Version Check/INFO]: [draconicevolution] Found status: AHEAD Current: 3.1.2.621 Target: null
[16:05:21] [Forge Version Check/INFO]: [moonlight] Starting version check at https://api.modrinth.com/updates/moonlight/forge_updates.json
[16:05:21] [Worker-ResourceReload-1/INFO]: [EMI] Discovered Sodium
[16:05:21] [Worker-ResourceReload-2/INFO]: Loading Xaero's Minimap - Stage 1/2
[16:05:21] [Worker-ResourceReload-3/INFO]: Initialized HolidayManager.
[16:05:21] [Worker-ResourceReload-4/INFO]: [voicechat] Using Cloth Config GUI
[16:05:21] [Worker-ResourceReload-1/INFO]: Loading Xaero's World Map - Stage 1/2
[16:05:21] [Forge Version Check/INFO]: [moonlight] Found status: OUTDATED Current: 1.20-2.16.21 Target: 1.20-2.16.21-forge
[16:05:21] [Forge Version Check/INFO]: [easy_villagers] Starting version check at https://update.maxhenkel.de/forge/easy_villagers
[16:05:21] [Worker-ResourceReload-4/INFO]: [voicechat] Initializing Opus
[16:05:21] [Forge Version Check/INFO]: [easy_villagers] Found status: OUTDATED Current: 1.20.1-1.1.23 Target: 1.20.1-1.1.39
[16:05:21] [Forge Version Check/INFO]: [iceberg] Starting version check at https://mc-update-check.anthonyhilyard.com/520110
[16:05:21] [Worker-ResourceReload-4/INFO]: [voicechat] Successfully initialized Opus
[16:05:21] [Forge Version Check/INFO]: [iceberg] Found status: UP_TO_DATE Current: 1.1.25 Target: null
[16:05:21] [Forge Version Check/INFO]: [supplementaries] Starting version check at https://raw.githubusercontent.com/MehVahdJukaar/Supplementaries/1.20/forge/update.json
[16:05:21] [Worker-ResourceReload-4/INFO]: [voicechat] Initializing RNNoise
[16:05:21] [Forge Version Check/INFO]: [supplementaries] Found status: BETA Current: 1.20-3.1.41 Target: null
[16:05:21] [Forge Version Check/INFO]: [legendarytooltips] Starting version check at https://mc-update-check.anthonyhilyard.com/532127
[16:05:21] [Placebo Patreon Trail Loader/INFO]: Loading patreon trails data...
[16:05:21] [Placebo Patreon Wing Loader/INFO]: Loading patreon wing data...
[16:05:21] [Worker-ResourceReload-4/INFO]: [voicechat] Successfully initialized RNNoise
[16:05:21] [Placebo Patreon Trail Loader/INFO]: Loaded 49 patreon trails.
[16:05:22] [Forge Version Check/INFO]: [legendarytooltips] Found status: UP_TO_DATE Current: 1.4.5 Target: null
[16:05:22] [Forge Version Check/INFO]: [fluiddrawerslegacy] Starting version check at https://forge.curseupdate.com/597669/fluiddrawerslegacy
[16:05:22] [Placebo Patreon Wing Loader/INFO]: Loaded 42 patreon wings.
[16:05:22] [Forge Version Check/INFO]: [fluiddrawerslegacy] Found status: AHEAD Current: 5.0.1 Target: null
[16:05:22] [Forge Version Check/INFO]: [createaddoncompatibility] Starting version check at https://api.modrinth.com/updates/QgrK9rtJ/forge_updates.json
[16:05:22] [Worker-ResourceReload-4/INFO]: [voicechat] Initializing Speex
[16:05:22] [Worker-ResourceReload-0/INFO]: [KONKRETE] Client-side libs ready to use!
[16:05:22] [Worker-ResourceReload-4/INFO]: [voicechat] Successfully initialized Speex
[16:05:22] [Worker-ResourceReload-4/INFO]: [voicechat] Initializing LAME
[16:05:22] [Worker-ResourceReload-5/INFO]: Loading XaeroLib client 1/2!
[16:05:22] [Worker-ResourceReload-4/INFO]: [voicechat] Successfully initialized LAME
[16:05:22] [Forge Version Check/INFO]: [createaddoncompatibility] Found status: UP_TO_DATE Current: 0.2.4 Target: null
[16:05:22] [Forge Version Check/INFO]: [create_pattern_schematics] Starting version check at https://raw.githubusercontent.com/cakeGit/Pattern-Schematics-Multiloader/1.20.1/forge-updates.json
[16:05:22] [Forge Version Check/INFO]: [create_pattern_schematics] Found status: AHEAD Current: 1.2.3+forge-1.20.1 Target: null
[16:05:22] [Worker-ResourceReload-2/WARN]: Key mapping key.createrailwaysnavigator.route_overlay_options registered after event
java.lang.RuntimeException: null
	at dev.architectury.registry.client.keymappings.forge.KeyMappingRegistryImpl.register(KeyMappingRegistryImpl.java:47) ~[architectury-9.2.14-forge.jar%23404!/:?]
	at dev.architectury.registry.client.keymappings.KeyMappingRegistry.register(KeyMappingRegistry.java) ~[architectury-9.2.14-forge.jar%23404!/:?]
	at de.mrjulsen.crn.client.input.ModKeys.init(ModKeys.java:24) ~[createrailwaysnavigator-forge-1.20.1-beta-0.8.4-C6.jar%23452!/:1.20.1-beta-0.8.4-C6]
	at de.mrjulsen.crn.event.ModClientEvents.lambda$init$0(ModClientEvents.java:32) ~[createrailwaysnavigator-forge-1.20.1-beta-0.8.4-C6.jar%23452!/:1.20.1-beta-0.8.4-C6]
	at java.lang.invoke.MethodHandle.invokeWithArguments(Unknown Source) ~[?:?]
	at dev.architectury.event.EventFactory.invokeMethod(EventFactory.java:53) ~[architectury-9.2.14-forge.jar%23404!/:?]
	at dev.architectury.event.EventFactory$1.handleInvocation(EventFactory.java:62) ~[architectury-9.2.14-forge.jar%23404!/:?]
	at com.google.common.reflect.AbstractInvocationHandler.invoke(AbstractInvocationHandler.java:87) ~[guava-31.1-jre.jar%23109!/:?]
	at jdk.proxy3.$Proxy122.stateChanged(Unknown Source) ~[?:?]
	at dev.architectury.event.forge.EventHandlerImplClient$ModBasedEventHandler.event(EventHandlerImplClient.java:342) ~[architectury-9.2.14-forge.jar%23404!/:?]
	at dev.architectury.event.forge.__ModBasedEventHandler_event_FMLClientSetupEvent.invoke(.dynamic) ~[architectury-9.2.14-forge.jar%23404!/:?]
	at net.minecraftforge.eventbus.ASMEventHandler.invoke(ASMEventHandler.java:73) ~[eventbus-6.0.5.jar%2387!/:?]
	at net.minecraftforge.eventbus.EventBus.post(EventBus.java:315) ~[eventbus-6.0.5.jar%2387!/:?]
	at net.minecraftforge.eventbus.EventBus.post(EventBus.java:296) ~[eventbus-6.0.5.jar%2387!/:?]
	at net.minecraftforge.fml.javafmlmod.FMLModContainer.acceptEvent(FMLModContainer.java:121) ~[javafmllanguage-1.20.1-47.4.10.jar%23624!/:?]
	at net.minecraftforge.fml.ModContainer.lambda$buildTransitionHandler$5(ModContainer.java:127) ~[fmlcore-1.20.1-47.4.10.jar%23623!/:?]
	at java.util.concurrent.CompletableFuture$AsyncRun.run(Unknown Source) ~[?:?]
	at java.util.concurrent.CompletableFuture$AsyncRun.exec(Unknown Source) ~[?:?]
	at java.util.concurrent.ForkJoinTask.doExec(Unknown Source) ~[?:?]
	at java.util.concurrent.ForkJoinPool$WorkQueue.topLevelExec(Unknown Source) ~[?:?]
	at java.util.concurrent.ForkJoinPool.scan(Unknown Source) ~[?:?]
	at java.util.concurrent.ForkJoinPool.runWorker(Unknown Source) ~[?:?]
	at java.util.concurrent.ForkJoinWorkerThread.run(Unknown Source) ~[?:?]
[16:05:22] [Worker-ResourceReload-2/INFO]: registering menues...
[16:05:22] [Worker-ResourceReload-2/INFO]: registering menues.
[16:05:22] [Worker-ResourceReload-2/INFO]: Create Goggles Client Setup
[16:05:22] [Worker-ResourceReload-2/WARN]: Key mapping key.camping.open registered after event
java.lang.RuntimeException: null
	at dev.architectury.registry.client.keymappings.forge.KeyMappingRegistryImpl.register(KeyMappingRegistryImpl.java:47) ~[architectury-9.2.14-forge.jar%23404!/:?]
	at dev.architectury.registry.client.keymappings.KeyMappingRegistry.register(KeyMappingRegistry.java) ~[architectury-9.2.14-forge.jar%23404!/:?]
	at net.satisfy.camping.registry.KeyHandlerRegistry.init(KeyHandlerRegistry.java:28) ~[letsdo-camping-forge-1.0.4.jar%23535!/:?]
	at net.satisfy.camping.client.CampingClient.onInitializeClient(CampingClient.java:33) ~[letsdo-camping-forge-1.0.4.jar%23535!/:?]
	at net.satisfy.camping.forge.client.CampingClientForge.onClientSetup(CampingClientForge.java:40) ~[letsdo-camping-forge-1.0.4.jar%23535!/:?]
	at net.satisfy.camping.forge.client.__CampingClientForge_onClientSetup_FMLClientSetupEvent.invoke(.dynamic) ~[letsdo-camping-forge-1.0.4.jar%23535!/:?]
	at net.minecraftforge.eventbus.ASMEventHandler.invoke(ASMEventHandler.java:73) ~[eventbus-6.0.5.jar%2387!/:?]
	at net.minecraftforge.eventbus.EventBus.post(EventBus.java:315) ~[eventbus-6.0.5.jar%2387!/:?]
	at net.minecraftforge.eventbus.EventBus.post(EventBus.java:296) ~[eventbus-6.0.5.jar%2387!/:?]
	at net.minecraftforge.fml.javafmlmod.FMLModContainer.acceptEvent(FMLModContainer.java:121) ~[javafmllanguage-1.20.1-47.4.10.jar%23624!/:?]
	at net.minecraftforge.fml.ModContainer.lambda$buildTransitionHandler$5(ModContainer.java:127) ~[fmlcore-1.20.1-47.4.10.jar%23623!/:?]
	at java.util.concurrent.CompletableFuture$AsyncRun.run(Unknown Source) ~[?:?]
	at java.util.concurrent.CompletableFuture$AsyncRun.exec(Unknown Source) ~[?:?]
	at java.util.concurrent.ForkJoinTask.doExec(Unknown Source) ~[?:?]
	at java.util.concurrent.ForkJoinPool$WorkQueue.topLevelExec(Unknown Source) ~[?:?]
	at java.util.concurrent.ForkJoinPool.scan(Unknown Source) ~[?:?]
	at java.util.concurrent.ForkJoinPool.runWorker(Unknown Source) ~[?:?]
	at java.util.concurrent.ForkJoinWorkerThread.run(Unknown Source) ~[?:?]
[16:05:22] [Worker-ResourceReload-0/INFO]: Registering S2C receiver with id brewery:alcohol_sync
[16:05:22] [Worker-ResourceReload-0/INFO]: Registering S2C receiver with id brewery:drink_alcohol
[16:05:22] [Worker-ResourceReload-0/INFO]: Registering S2C receiver with id brewery:attach_rope
[16:05:22] [Worker-ResourceReload-0/INFO]: Registering S2C receiver with id brewery:detach_rope
[16:05:22] [Worker-ResourceReload-0/INFO]: Registering S2C receiver with id brewery:sync_rope
[16:05:22] [Worker-ResourceReload-0/INFO]: Registering S2C receiver with id brewery:change_hanging_rope
[16:05:22] [Worker-ResourceReload-0/INFO]: DEBUG: COM.MYSTIC.QUICKBOOT.UTIL.LAMBDA.LAMBDAIF$$LAMBDA$35787/0X0000025B3C1C8678@5241FDBD
[16:05:22] [Worker-ResourceReload-0/INFO]: CHUNK_TRY_LIMIT: 250
[16:05:22] [Worker-ResourceReload-6/WARN]: Unable to load model: 'minecraft:block_block' referenced from: tfmg:electric_diode#facing=north: java.io.FileNotFoundException: minecraft:models/block_block.json
[16:05:23] [Worker-ResourceReload-6/WARN]: Unable to load model: 'tfmg:block/sulfuric_acid' referenced from: tfmg:sulfuric_acid#level=0: java.io.FileNotFoundException: tfmg:models/block/sulfuric_acid.json
[16:05:23] [Worker-ResourceReload-6/WARN]: Unable to load model: 'advanced_ae:block/crafting/quantum_core_formed' referenced from: advanced_ae:quantum_core#formed=true,light_level=0,multiblocked=true,powered=true: java.io.FileNotFoundException: advanced_ae:models/block/crafting/quantum_core_formed.json
[16:05:24] [Render thread/INFO]: Loading Xaero's World Map - Stage 2/2
[16:05:24] [Render thread/INFO]: New world map region cache hash code: -520137378
[16:05:24] [Render thread/INFO]: Registered player tracker system: map_synced
[16:05:25] [Render thread/INFO]: Xaero's WorldMap Mod: Xaero's minimap found!
[16:05:25] [Render thread/INFO]: Registered player tracker system: minimap_synced
[16:05:25] [Render thread/INFO]: Registered player tracker system: openpartiesandclaims
[16:05:25] [Render thread/INFO]: Xaero's WorldMap Mod: Open Parties And Claims found!
[16:05:25] [Render thread/INFO]: No Optifine!
[16:05:25] [Render thread/INFO]: Xaero's World Map: No Vivecraft!
[16:05:25] [Render thread/INFO]: Loading Xaero's Minimap - Stage 2/2
[16:05:25] [Worker-ResourceReload-6/WARN]: Exception loading blockstate definition: 'storagedrawers:blockstates/meta_indicator.json' missing model for variant: 'storagedrawers:meta_indicator#facing=west,half=true,slots=3'
[16:05:25] [Worker-ResourceReload-6/WARN]: Exception loading blockstate definition: 'storagedrawers:blockstates/meta_indicator.json' missing model for variant: 'storagedrawers:meta_indicator#facing=north,half=true,slots=3'
[16:05:25] [Worker-ResourceReload-6/WARN]: Exception loading blockstate definition: 'storagedrawers:blockstates/meta_indicator.json' missing model for variant: 'storagedrawers:meta_indicator#facing=north,half=false,slots=3'
[16:05:25] [Worker-ResourceReload-6/WARN]: Exception loading blockstate definition: 'storagedrawers:blockstates/meta_indicator.json' missing model for variant: 'storagedrawers:meta_indicator#facing=west,half=false,slots=3'
[16:05:25] [Worker-ResourceReload-6/WARN]: Exception loading blockstate definition: 'storagedrawers:blockstates/meta_indicator.json' missing model for variant: 'storagedrawers:meta_indicator#facing=south,half=true,slots=3'
[16:05:25] [Worker-ResourceReload-6/WARN]: Exception loading blockstate definition: 'storagedrawers:blockstates/meta_indicator.json' missing model for variant: 'storagedrawers:meta_indicator#facing=south,half=false,slots=3'
[16:05:25] [Worker-ResourceReload-6/WARN]: Exception loading blockstate definition: 'storagedrawers:blockstates/meta_indicator.json' missing model for variant: 'storagedrawers:meta_indicator#facing=east,half=true,slots=3'
[16:05:25] [Worker-ResourceReload-6/WARN]: Exception loading blockstate definition: 'storagedrawers:blockstates/meta_indicator.json' missing model for variant: 'storagedrawers:meta_indicator#facing=east,half=false,slots=3'
[16:05:25] [Worker-ResourceReload-6/WARN]: Exception loading blockstate definition: 'storagedrawers:blockstates/meta_comp_indicator.json' missing model for variant: 'storagedrawers:meta_comp_indicator#facing=north,half=true'
[16:05:25] [Worker-ResourceReload-6/WARN]: Exception loading blockstate definition: 'storagedrawers:blockstates/meta_comp_indicator.json' missing model for variant: 'storagedrawers:meta_comp_indicator#facing=south,half=true'
[16:05:25] [Worker-ResourceReload-6/WARN]: Exception loading blockstate definition: 'storagedrawers:blockstates/meta_comp_indicator.json' missing model for variant: 'storagedrawers:meta_comp_indicator#facing=west,half=true'
[16:05:25] [Worker-ResourceReload-6/WARN]: Exception loading blockstate definition: 'storagedrawers:blockstates/meta_comp_indicator.json' missing model for variant: 'storagedrawers:meta_comp_indicator#facing=east,half=true'
[16:05:25] [Worker-ResourceReload-6/WARN]: Exception loading blockstate definition: 'fluiddrawerslegacy:blockstates/test.json' missing model for variant: 'fluiddrawerslegacy:test#'
[16:05:26] [Worker-ResourceReload-6/WARN]: Unable to load model: 'draconicevolution:block/structure_block' referenced from: draconicevolution:structure_block#inventory: java.io.FileNotFoundException: draconicevolution:models/block/structure_block.json
[16:05:26] [Render thread/INFO]: Registered player tracker system: minimap_synced
[16:05:26] [Render thread/INFO]: Xaero's Minimap: World Map found!
[16:05:26] [Render thread/INFO]: Registered player tracker system: openpartiesandclaims
[16:05:26] [Render thread/INFO]: Xaero's Minimap: Open Parties And Claims found!
[16:05:26] [Render thread/INFO]: No Optifine!
[16:05:26] [Render thread/INFO]: Xaero's Minimap: No Vivecraft!
[16:05:26] [Worker-ResourceReload-6/WARN]: Unable to load model: 'tfmg:block/casting_basin/block_mold' referenced from: tfmg:block/casting_basin/block_mold: java.io.FileNotFoundException: tfmg:models/block/casting_basin/block_mold.json
[16:05:26] [Worker-ResourceReload-6/WARN]: Unable to load model: 'bits_n_bobs:block/chain_pulley/chain_rope_half_magnet' referenced from: bits_n_bobs:block/chain_pulley/chain_rope_half_magnet: java.io.FileNotFoundException: bits_n_bobs:models/block/chain_pulley/chain_rope_half_magnet.json
[16:05:26] [Worker-ResourceReload-6/WARN]: Unable to load model: 'tfmg:block/casting_basin/mold_base' referenced from: tfmg:block/casting_basin/mold_base: java.io.FileNotFoundException: tfmg:models/block/casting_basin/mold_base.json
[16:05:26] [Render thread/INFO]: Loading XaeroLib common 2/2!
[16:05:26] [Render thread/INFO]: Loading XaeroLib client 2/2!
[16:05:37] [Worker-ResourceReload-6/WARN]: Missing, or failed to load, enchanted book models for the following enchantments: [betternether.obsidian_breaker, betternether.ruby_fire, draconicevolution.reaper_enchantment, mob-ai-tweaks.after_burner, mob-ai-tweaks.auto_loading_holster, mob-ai-tweaks.blasting_impression, mob-ai-tweaks.descent, mob-ai-tweaks.despise, mob-ai-tweaks.featherweight_munitions, mob-ai-tweaks.full_auto_retrofit, mob-ai-tweaks.grappling_bobber, mob-ai-tweaks.kick_back, mob-ai-tweaks.perfect_parry, mob-ai-tweaks.recall, mob-ai-tweaks.vorpal_weapon, mob-ai-tweaks.withering_munitions]
[16:05:38] [Worker-ResourceReload-6/WARN]: Missing textures in model create_connected:fan_enriched_catalyst#:
    minecraft:textures/atlas/blocks.png:createnuclear:block/enriched_soul_soil
    minecraft:textures/atlas/blocks.png:createnuclear:block/enriching/campfire/enriching_flame
[16:05:38] [Worker-ResourceReload-6/WARN]: Missing textures in model tfmg:constantan_truss#axis=y,waterlogged=false:
    minecraft:textures/atlas/blocks.png:tfmg:block/constantan_truss_truss
[16:05:38] [Worker-ResourceReload-6/WARN]: Missing textures in model create_power_loader:brass_chunk_loader#inventory:
    minecraft:textures/atlas/blocks.png:minecraft:axis
    minecraft:textures/atlas/blocks.png:minecraft:axis_top
[16:05:38] [Worker-ResourceReload-6/WARN]: Missing textures in model tfmg:constantan_truss#axis=z,waterlogged=true:
    minecraft:textures/atlas/blocks.png:tfmg:block/constantan_truss_truss
[16:05:38] [Worker-ResourceReload-6/WARN]: Missing textures in model supplementaries:confetti_popper#inventory:
    minecraft:textures/atlas/blocks.png:supplementaries:party_hat/party_hat
[16:05:38] [Worker-ResourceReload-6/WARN]: Missing textures in model create_connected:fan_ending_catalyst_dragons_breath#inventory:
    minecraft:textures/atlas/blocks.png:create_dragons_plus:fluid/dragon_breath_flow
[16:05:38] [Worker-ResourceReload-6/WARN]: Missing textures in model apotheosis:ancient_material#inventory:
    minecraft:textures/atlas/blocks.png:apotheosis:items/ancient_material
[16:05:38] [Worker-ResourceReload-6/WARN]: Missing textures in model tfmg:constantan_truss#inventory:
    minecraft:textures/atlas/blocks.png:tfmg:block/constantan_truss_truss
[16:05:38] [Worker-ResourceReload-6/WARN]: Missing textures in model tfmg:block/surface_scanner/flag:
    minecraft:textures/atlas/blocks.png:tfmg:block/surface_scanner_flags/flag1
[16:05:38] [Worker-ResourceReload-6/WARN]: Missing textures in model supplementaries:tater_in_a_jar#inventory:
    minecraft:textures/atlas/blocks.png:quark:model/tiny_potato/default
[16:05:38] [Worker-ResourceReload-6/WARN]: Missing textures in model create_connected:fan_ending_catalyst_dragons_breath#:
    minecraft:textures/atlas/blocks.png:create_dragons_plus:fluid/dragon_breath_flow
[16:05:38] [Worker-ResourceReload-6/WARN]: Missing textures in model tfmg:constantan_truss#axis=x,waterlogged=false:
    minecraft:textures/atlas/blocks.png:tfmg:block/constantan_truss_truss
[16:05:38] [Worker-ResourceReload-6/WARN]: Missing textures in model create_connected:fan_enriched_catalyst#inventory:
    minecraft:textures/atlas/blocks.png:createnuclear:block/enriched_soul_soil
    minecraft:textures/atlas/blocks.png:createnuclear:block/enriching/campfire/enriching_flame
[16:05:38] [Worker-ResourceReload-6/WARN]: Missing textures in model create_power_loader:andesite_chunk_loader#inventory:
    minecraft:textures/atlas/blocks.png:minecraft:axis
    minecraft:textures/atlas/blocks.png:minecraft:axis_top
[16:05:39] [Worker-ResourceReload-6/INFO]: Start loading plugin at dev.shadowsoffire.apotheosis.spawn.compat.SpawnerHwylaPlugin
[16:05:39] [Worker-ResourceReload-6/INFO]: Start loading plugin at dev.shadowsoffire.apotheosis.ench.compat.EnchHwylaPlugin
[16:05:39] [Worker-ResourceReload-6/INFO]: Start loading plugin at dev.shadowsoffire.apotheosis.adventure.compat.AdventureHwylaPlugin
[16:05:39] [Worker-ResourceReload-6/INFO]: Start loading plugin at net.blay09.mods.balm.forge.compat.hudinfo.ForgeJadeModCompat
[16:05:39] [Worker-ResourceReload-6/INFO]: Start loading plugin at snownee.jade.addon.JadeAddonsBase
[16:05:39] [Worker-ResourceReload-6/INFO]: Start loading plugin at dev.lucaargolo.mekanismcovers.jade.JadePlugin
[16:05:39] [Worker-ResourceReload-6/INFO]: Start loading plugin at de.maxhenkel.gravestone.integration.waila.PluginGraveStone
[16:05:39] [Worker-ResourceReload-6/INFO]: Start loading plugin at mekanism.common.integration.lookingat.jade.MekanismJadePlugin
[16:05:40] [Worker-ResourceReload-6/INFO]: Start loading plugin at dev.kvnmtz.createmobspawners.compat.waila.CreateMobSpawnersWailaPlugin
[16:05:40] [Worker-ResourceReload-6/INFO]: Start loading plugin at snownee.jade.addon.vanilla.VanillaPlugin
[16:05:40] [Worker-ResourceReload-6/INFO]: Start loading plugin at snownee.jade.addon.universal.UniversalPlugin
[16:05:40] [Worker-ResourceReload-6/INFO]: Start loading plugin at snownee.jade.addon.core.CorePlugin
[16:05:40] [Worker-ResourceReload-6/INFO]: Start loading plugin at appeng.integration.modules.jade.JadeModule
[16:05:40] [Worker-ResourceReload-6/INFO]: Start loading plugin at com.glodblock.github.extendedae.xmod.jade.JadePlugin
[16:05:40] [Worker-ResourceReload-6/INFO]: Start loading plugin at net.pedroksl.advanced_ae.xmod.jade.JadePlugin
[16:05:40] [Worker-ResourceReload-6/INFO]: Start loading plugin at de.maxhenkel.easyvillagers.integration.waila.PluginEasyVillagers
[16:05:40] [Worker-ResourceReload-6/INFO]: Start loading plugin at net.mehvahdjukaar.supplementaries.integration.JadeCompat
[16:05:40] [Worker-ResourceReload-6/INFO]: Start loading plugin at com.jaquadro.minecraft.storagedrawers.integration.Waila
[16:05:40] [Worker-ResourceReload-6/ERROR]: Error loading plugin at com.jaquadro.minecraft.storagedrawers.integration.Waila
java.lang.NullPointerException: null
	at java.util.Objects.requireNonNull(Unknown Source) ~[?:?]
	at snownee.jade.impl.HierarchyLookup.register(HierarchyLookup.java:42) ~[Jade-1.20.1-Forge-11.13.2.jar%23513!/:11.13.2+forge]
	at snownee.jade.impl.WailaClientRegistration.registerBlockComponent(WailaClientRegistration.java:149) ~[Jade-1.20.1-Forge-11.13.2.jar%23513!/:11.13.2+forge]
	at com.jaquadro.minecraft.storagedrawers.integration.Waila.registerClient(Waila.java:28) ~[storagedrawers-1.20.1-12.0.3.jar%23595!/:1.20.1-12.0.3]
	at snownee.jade.util.CommonProxy.loadComplete(CommonProxy.java:232) ~[Jade-1.20.1-Forge-11.13.2.jar%23513!/:11.13.2+forge]
	at net.minecraftforge.eventbus.EventBus.doCastFilter(EventBus.java:260) ~[eventbus-6.0.5.jar%2387!/:?]
	at net.minecraftforge.eventbus.EventBus.lambda$addListener$11(EventBus.java:252) ~[eventbus-6.0.5.jar%2387!/:?]
	at net.minecraftforge.eventbus.EventBus.post(EventBus.java:315) ~[eventbus-6.0.5.jar%2387!/:?]
	at net.minecraftforge.eventbus.EventBus.post(EventBus.java:296) ~[eventbus-6.0.5.jar%2387!/:?]
	at net.minecraftforge.fml.javafmlmod.FMLModContainer.acceptEvent(FMLModContainer.java:121) ~[javafmllanguage-1.20.1-47.4.10.jar%23624!/:?]
	at net.minecraftforge.fml.ModContainer.lambda$buildTransitionHandler$5(ModContainer.java:127) ~[fmlcore-1.20.1-47.4.10.jar%23623!/:?]
	at java.util.concurrent.CompletableFuture$AsyncRun.run(Unknown Source) ~[?:?]
	at java.util.concurrent.CompletableFuture$AsyncRun.exec(Unknown Source) ~[?:?]
	at java.util.concurrent.ForkJoinTask.doExec(Unknown Source) ~[?:?]
	at java.util.concurrent.ForkJoinPool$WorkQueue.topLevelExec(Unknown Source) ~[?:?]
	at java.util.concurrent.ForkJoinPool.scan(Unknown Source) ~[?:?]
	at java.util.concurrent.ForkJoinPool.runWorker(Unknown Source) ~[?:?]
	at java.util.concurrent.ForkJoinWorkerThread.run(Unknown Source) ~[?:?]
[16:05:40] [Worker-ResourceReload-6/INFO]: Start loading plugin at xueluoanping.fluiddrawerslegacy.compat.jade.JadeCompact
[16:05:40] [Worker-ResourceReload-5/INFO]: Registering Ponder Scenes took 320.0 ms
[16:05:40] [Worker-ResourceReload-5/INFO]: Registering Ponder Tags took 41.16 ms
[16:05:41] [Render thread/INFO]: Added resource packs: []
[16:05:41] [Render thread/WARN]: Missing sound for event: minecraft:item.goat_horn.play
[16:05:41] [Render thread/WARN]: Missing sound for event: minecraft:entity.goat.screaming.horn_break
[16:05:41] [Render thread/INFO]: OpenAL initialized on device OpenAL Soft on Lautsprecher (Realtek(R) Audio)
[16:05:41] [Render thread/INFO]: Sound engine started
[16:05:41] [Render thread/INFO]: [FANCYMENU] Reloading AudioResourceHandler after Minecraft SoundEngine reload..
[16:05:42] [Render thread/INFO]: Created: 4096x4096x4 minecraft:textures/atlas/blocks.png-atlas
[16:05:42] [Render thread/INFO]: Created: 1024x512x4 minecraft:textures/atlas/signs.png-atlas
[16:05:42] [Render thread/INFO]: Created: 512x512x4 minecraft:textures/atlas/shield_patterns.png-atlas
[16:05:42] [Render thread/INFO]: Created: 512x512x4 minecraft:textures/atlas/banner_patterns.png-atlas
[16:05:42] [Render thread/INFO]: Created: 2048x1024x4 minecraft:textures/atlas/armor_trims.png-atlas
[16:05:42] [Render thread/INFO]: Created: 128x64x4 minecraft:textures/atlas/decorated_pot.png-atlas
[16:05:42] [Render thread/INFO]: Created: 1024x1024x4 minecraft:textures/atlas/chest.png-atlas
[16:05:42] [Render thread/INFO]: Created: 512x256x4 minecraft:textures/atlas/shulker_boxes.png-atlas
[16:05:42] [Render thread/INFO]: Created: 512x256x4 minecraft:textures/atlas/beds.png-atlas
[16:05:45] [Render thread/WARN]: Shader rendertype_entity_translucent_emissive could not find sampler named Sampler2 in the specified shader program.
[16:05:45] [Render thread/WARN]: Shader watut:position_tex_blur could not find uniform named ColorModulator in the specified shader program.
[16:05:45] [Render thread/WARN]: Shader watut:position_tex_blur_horizontal could not find uniform named ColorModulator in the specified shader program.
[16:05:45] [Render thread/WARN]: Shader watut:position_tex_blur_vertical could not find uniform named ColorModulator in the specified shader program.
[16:05:46] [Render thread/WARN]: Shader brandonscore:contributor/patreon_core could not find uniform named Transition in the specified shader program.
[16:05:46] [Render thread/WARN]: Shader supplementaries:spherify could not find uniform named GameTime in the specified shader program.
[16:05:46] [Render thread/WARN]: Shader supplementaries:spherify could not find uniform named NoiseSpeed in the specified shader program.
[16:05:46] [Render thread/WARN]: Shader supplementaries:spherify could not find uniform named NoiseScale in the specified shader program.
[16:05:46] [Render thread/WARN]: Shader supplementaries:spherify could not find uniform named Intensity in the specified shader program.
[16:05:46] [Render thread/WARN]: Shader supplementaries:spherify could not find uniform named CameraPos in the specified shader program.
[16:05:46] [Render thread/INFO]: Created: 2048x2048x0 minecraft:textures/atlas/particles.png-atlas
[16:05:46] [Render thread/INFO]: Created: 256x256x0 minecraft:textures/atlas/paintings.png-atlas
[16:05:46] [Render thread/INFO]: Created: 256x256x0 minecraft:textures/atlas/mob_effects.png-atlas
[16:05:46] [Render thread/INFO]: Created: 512x256x0 codechickenlib:textures/atlas/gui.png-atlas
[16:05:46] [Render thread/INFO]: Loaded 77 shader sources in 57,073 ms
[16:05:46] [Render thread/INFO]: Created: 256x256x0 jei:textures/atlas/gui.png-atlas
[16:05:46] [Render thread/INFO]: Created: 512x256x0 mekanism:textures/atlas/robit.png-atlas
[16:05:46] [Render thread/INFO]: Reloaded Shaders
[16:05:46] [Render thread/INFO]: BookContentResourceListenerLoader preloaded 661 jsons
[16:05:46] [Render thread/INFO]: Deduplicated ResourcefulLib highlights (2607 points, 4968 lines)
[16:05:46] [Render thread/INFO]: Successfully reloaded the XaeroLib shaders!
[16:05:46] [Render thread/INFO]: Loaded 57 train hat configurations.
[16:05:46] [Render thread/INFO]: Data driven guides: []
[16:05:46] [Render thread/WARN]: Page mae2:multi_p2p_tunnels.md references an unknown item mae2:eu_multi_p2p_tunnel in its item_ids frontmatter
[16:05:46] [Render thread/WARN]: Page advanced_ae:aae_intro/quantum_crafter_terminal.md references an unknown item advanced_ae:wireless_quantum_crafter_terminal in its item_ids frontmatter
[16:05:46] [Render thread/INFO]: Created: 128x64x0 guideme:textures/atlas/gui.png-atlas
[16:05:46] [Render thread/INFO]: Created: 512x512x0 brandonscore:textures/atlas/gui.png-atlas
[16:05:46] [Render thread/INFO]: Created: 256x256x0 draconicevolution:textures/atlas/module.png-atlas
[16:05:46] [Render thread/INFO]: Created: 2048x1024x0 draconicevolution:textures/atlas/gui.png-atlas
[16:05:46] [Render thread/INFO]: Created: 512x256x0 polylib:textures/atlas/gui.png-atlas
[16:05:46] [Render thread/INFO]: Created: 256x256x0 moonlight:textures/atlas/map_markers.png-atlas
[16:05:46] [Render thread/INFO]: Successfully loaded image 'supplementaries:textures/block/gottem.gif'
[16:05:46] [Render thread/INFO]: [FANCYMENU] Reloading resources..
[16:05:47] [Render thread/INFO]: [FANCYMENU] Pre-loading resources..
[16:05:47] [Render thread/INFO]: [ETF]: reloading ETF data.
[16:05:47] [Render thread/INFO]: [ETF]: emissive suffixes loaded: {_e}
[16:05:47] [Render thread/INFO]: [ETF]: emissive suffixes loaded: {_e}
[16:05:47] [Render thread/INFO]: [FANCYMENU] Minecraft resource reload: FINISHED
[16:05:47] [Render thread/INFO]: Loaded config for: smoothchunk.json
[16:05:47] [Render thread/INFO]: Loaded config for: dragonfight.json
[16:05:47] [Render thread/INFO]: Loaded config for: limitedchunks.json
[16:05:47] [Render thread/INFO]: Loaded config for: lootintegrations.json
[16:05:47] [Render thread/INFO]: Loaded config for: betterchunkloading.json
[16:05:47] [Render thread/INFO]: Loaded config for: chunksending.json
[16:05:47] [Render thread/INFO]: [FANCYMENU] ScreenCustomizationLayer registered: title_screen
[16:05:47] [Render thread/INFO]: Block minecraft:large_fern had its color provider replaced and will not use per-vertex coloring
[16:05:47] [Render thread/INFO]: Block minecraft:tall_grass had its color provider replaced and will not use per-vertex coloring
[16:05:47] [Render thread/INFO]: Block minecraft:grass_block had its color provider replaced and will not use per-vertex coloring
[16:05:47] [Render thread/INFO]: Block minecraft:fern had its color provider replaced and will not use per-vertex coloring
[16:05:47] [Render thread/INFO]: Block minecraft:grass had its color provider replaced and will not use per-vertex coloring
[16:05:47] [Render thread/INFO]: Block minecraft:potted_fern had its color provider replaced and will not use per-vertex coloring
[16:05:47] [Render thread/INFO]: Block minecraft:sugar_cane had its color provider replaced and will not use per-vertex coloring
[16:05:47] [Render thread/INFO]: Block minecraft:spruce_leaves had its color provider replaced and will not use per-vertex coloring
[16:05:47] [Render thread/INFO]: Block minecraft:birch_leaves had its color provider replaced and will not use per-vertex coloring
[16:05:47] [Render thread/INFO]: Block minecraft:oak_leaves had its color provider replaced and will not use per-vertex coloring
[16:05:47] [Render thread/INFO]: Block minecraft:jungle_leaves had its color provider replaced and will not use per-vertex coloring
[16:05:47] [Render thread/INFO]: Block minecraft:acacia_leaves had its color provider replaced and will not use per-vertex coloring
[16:05:47] [Render thread/INFO]: Block minecraft:dark_oak_leaves had its color provider replaced and will not use per-vertex coloring
[16:05:47] [Render thread/INFO]: Block minecraft:vine had its color provider replaced and will not use per-vertex coloring
[16:05:47] [Render thread/INFO]: Updated custom language to: (Default)
[16:05:48] [Render thread/INFO]: [earth.terrarium.botarium.common.energy.EnergyApi:finalizeItemRegistration:54]: Finalizing energy item registration
[16:05:48] [Render thread/INFO]: [earth.terrarium.botarium.common.fluid.FluidApi:finalizeItemRegistration:55]: Finalizing fluid item registration
[16:05:48] [Render thread/INFO]: watut: oculus not installed or mod structure changed
[16:05:49] [Render thread/WARN]: Game took 130.516 seconds to start
[16:12:33] [CullThread/INFO]: [dev.tr7zw.entityculling.CullTask:run:89]: Shutting down culling task!
[16:12:33] [Render thread/INFO]: Stopping!
[16:12:33] [Render thread/INFO]: Stopping DragonLib Network Manager (Client) worker thread...
[16:12:33] [DragonLib Network Manager (Client)/INFO]: DragonLib Network Manager (Client) worker thread has been stopped!
[16:12:33] [Render thread/INFO]: [EMI] Disconnecting from server, EMI data cleared
[16:12:33] [Thread-34/INFO]: [EMI] Clearing data
[16:12:33] [Render thread/INFO]: Removed all overlays.
[16:12:33] [Render thread/INFO]: All events have been closed.
[16:12:33] [Render thread/INFO]: Released client Flux Networks cache
[16:12:34] [Render thread/INFO]: [FANCYMENU] ScreenCustomizationLayer registered: progress_screen
[16:12:34] [Render thread/INFO]: [ETF]: emissive suffixes loaded: {_e}
